"","ETHANE(SITE-LP_LakePark) PPBC","ETHYLENE(SITE-LP_LakePark) PPBC","PROPANE(SITE-LP_LakePark) PPBC","PROPYLENE(SITE-LP_LakePark) PPBC","ISO-BUTANE(SITE-LP_LakePark) PPBC","N-BUTANE(SITE-LP_LakePark) PPBC","ACETYLENE(SITE-LP_LakePark) PPBC","TRANS-2-BUTENE(SITE-LP_LakePark) PPBC","1-BUTENE(SITE-LP_LakePark) PPBC","CIS-2-BUTENE(SITE-LP_LakePark) PPBC","CYCLOPENTANE(SITE-LP_LakePark) PPBC","ISO-PENTANE(SITE-LP_LakePark) PPBC","N-PENTANE(SITE-LP_LakePark) PPBC","1,3-BUTADIENE(SITE-LP_LakePark) PPBC","TRANS-2-PENTENE(SITE-LP_LakePark) PPBC","1-PENTENE(SITE-LP_LakePark) PPBC","CIS-2-PENTENE(SITE-LP_LakePark) PPBC","2,2-DIMETHYLBUTANE(SITE-LP_LakePark) PPBC","2,3-DIMETHYLBUTANE(SITE-LP_LakePark) PPBC","2-METHYLPENTANE(SITE-LP_LakePark) PPBC","3-METHYLPENTANE(SITE-LP_LakePark) PPBC","ISOPRENE(SITE-LP_LakePark) PPBC","2-METHYL-1-PENTENE(SITE-LP_LakePark) PPBC","1-HEXENE(SITE-LP_LakePark) PPBC","N-HEXANE(SITE-LP_LakePark) PPBC","METHYLCYCLOPENTANE(SITE-LP_LakePark) PPBC","2,4-DIMETHYLPENTANE(SITE-LP_LakePark) PPBC","BENZENE(SITE-LP_LakePark) PPBC","CYCLOHEXANE(SITE-LP_LakePark) PPBC","2-METHYLHEXANE(SITE-LP_LakePark) PPBC","2,3-DIMETHYLPENTANE(SITE-LP_LakePark) PPBC","3-METHYLHEXANE(SITE-LP_LakePark) PPBC","2,2,4-TRIMETHYLPENTANE(SITE-LP_LakePark) PPBC","N-HEPTANE(SITE-LP_LakePark) PPBC","METHYLCYCLOHEXANE(SITE-LP_LakePark) PPBC","2,3,4-TRIMETHYLPENTANE(SITE-LP_LakePark) PPBC","TOLUENE(SITE-LP_LakePark) PPBC","2-METHYLHEPTANE(SITE-LP_LakePark) PPBC","3-METHYLHEPTANE(SITE-LP_LakePark) PPBC","N-OCTANE(SITE-LP_LakePark) PPBC","ETHYLBENZENE(SITE-LP_LakePark) PPBC","M&P-XYLENE(SITE-LP_LakePark) PPBC","STYRENE(SITE-LP_LakePark) PPBC","O-XYLENE(SITE-LP_LakePark) PPBC","N-NONANE(SITE-LP_LakePark) PPBC","ISO-PROPYLBENZENE(SITE-LP_LakePark) PPBC","ALPHA-PINENE(SITE-LP_LakePark) PPBC","N-PROPYLBENZENE(SITE-LP_LakePark) PPBC","M-ETHYLTOLUENE(SITE-LP_LakePark) PPBC","P-ETHYLTOLUENE(SITE-LP_LakePark) PPBC","1,3,5-TRI-M-BENZENE(SITE-LP_LakePark) PPBC","O-ETHYLTOLUENE(SITE-LP_LakePark) PPBC","BETA-PINENE(SITE-LP_LakePark) PPBC","1,2,4-TRI-M-BENZENE(SITE-LP_LakePark) PPBC","N-DECANE(SITE-LP_LakePark) PPBC","1,2,3-TRI-M-BENZENE(SITE-LP_LakePark) PPBC","M-DIETHYLBENZENE(SITE-LP_LakePark) PPBC","P-DIETHYLBENZENE(SITE-LP_LakePark) PPBC","N-UNDECANE(SITE-LP_LakePark) PPBC","N-DODECANE(SITE-LP_LakePark) PPBC","TNMHC(SITE-LP_LakePark) PPBC","TNMTC(SITE-LP_LakePark) PPBC"
"","Ethane","Ethylene","Propane","Propylene","Iso-butane","N-butane","Acetylene","Trans-2-butene","1-butene","Cis-2-butene","Cyclopentane","Iso-pentane","N-pentane","1,3-butadiene","Trans-2-pentene","1-pentene","Cis-2-pentene","2,2-dimethylbutane","2,3-dimethylbutane","2-methylpentane","3-methylpentane","Isoprene","2-methyl-1-pentene","1-hexene","N-hexane","Methylcyclopentane","2,4-dimethylpentane","Benzene","Cyclohexane","2-methylhexane","2,3-dimethylpentane","3-methylhexane","2,2,4-trimethylpentane","N-heptane","Methylcyclohexane","2,3,4-trimethylpentane","Toluene","2-methylheptane","3-methylheptane","N-octane","Ethylbenzene","M&p-xylene","Styrene","O-xylene","N-nonane","Iso-propylbenzene","Alpha-pinene","N-propylbenzene","M-ethyltoluene","P-ethyltoluene","1,3,5-tri-m-benzene","O-ethyltoluene","Beta-pinene","1,2,4-tri-m-benzene","N-decane","1,2,3-tri-m-benzene","M-diethylbenzene","P-diethylbenzene","N-undecane","N-dodecane","TNMHC","TNMTC"
"DATE/TIME","43202","43203","43204","43205","43214","43212","43206","43216","43280","43217","43242","43221","43220","43218","43226","43224","43227","43244","43284","43285","43230","43243","43246","43245","43231","43262","43247","45201","43248","43263","43291","43249","43250","43232","43261","43252","45202","43960","43253","43233","45203","45109","45220","45204","43235","45210","43256","45209","45212","45213","45207","45211","43257","45208","43238","45225","45218","45219","43954","43141","43102","43000"
"08/01/2025 2:00","1.4737","0.0552","1.5046","0.0804","0","1.6034","0.7083","0.0334","0","0","0","0","1.4541","1.5036","0","0","0","0","0","1.478","0","0","0","1.469","1.5105","0","0","1.5479","0.004","0.0174","0.024","0.0138","0","0","0","0","1.5101","0","0","0","0.0202","1.422","0","0.0813","0","0","0.0724","1.141","0.0792","0","0","0.0268","0.0962","1.0641","0","0","0","0.7074","0","0.0329","23.0515","20.7349"
"08/02/2025 0:00","1.5077","0.0827","1.4329","0.0484","0","1.5296","0.7073","0","0","0","0","0","1.4694","1.5391","0","0","0","0","0","1.477","0","0","0","1.5009","1.4621","0","0","1.5504","0.0164","0","0","0.0837","0","0","0","0","1.5262","0","0","0","0","1.4368","0","0","0","0","0.0987","1.2121","0.0956","0","0.0155","0","0.1009","1.1041","0","0","0","0.7772","0.0739","0.0442","23.59","20.8928"
"08/03/2025 2:00","1.4937","0.0798","1.4451","0","0","1.5341","0.7147","0","0","0","0","0","1.4447","1.5189","0","0","0","0","0","1.4764","0","0","0","1.4811","1.5288","0","0","1.5241","0.0134","0.0079","0.0155","0.1389","0","0","0","0","1.4398","0","0","0","0","1.5269","0.1412","0.0183","0","0","0.1062","1.1824","0.0658","0.0144","0","0.0183","0.1015","1.0924","0","0.0448","0","0.8454","0","0","23.5067","21.0145"
"08/03/2025 3:00","1.542","0.0932","1.4902","0","0","1.5646","0.7157","0.0223","0","0","0","0","1.4733","1.5677","0","0","0","0","0","1.5213","0.0186","0","0","1.5086","1.5275","0","0","1.5402","0.0079","0.0074","0.01","0.0236","0","0","0","0","1.5893","0","0","0","0","1.4759","0","0","0","0","0.0567","1.3198","0.0144","0","0","0","0.0937","1.258","0","0.0486","0","0.9924","0","0.0244","23.3142","21.5073"
"08/04/2025 0:00","1.4925","0.0639","1.4298","0","0","1.5083","0.724","0.0227","0","0","0","0","1.4506","1.4863","0","0","0","0","0","1.4723","0","0","0","1.4921","1.4857","0","0","1.4549","0.0098","0","0","0.1098","0","0","0","0","1.4672","0","0","0","0","1.3761","0","0","0","0","0.0843","1.206","0.0718","0","0.0151","0","0.0924","1.0794","0","0.059","0","0.8068","0","0.0363","23.7607","20.4971"
"08/05/2025 2:00","1.6322","0.0534","1.4589","0.0486","0","1.5215","0.6764","0","0","0","0","0","1.4383","1.4832","0","0","0","0","0","1.4587","0.021","0","0","1.4686","1.5417","0","0","1.5097","0.0178","0","0","0.0945","0","0","0","0","1.422","0","0","0","0","1.3746","0","0","0","0","0.0584","1.1244","0.0603","0.0093","0","0.0183","0.0858","1.0306","0","0.0363","0","0.7596","0.0144","0.0123","22.3452","20.4308"
"08/06/2025 0:00","1.4686","0.0649","1.429","0","0","1.4954","0.6992","0","0","0","0","0","1.4265","1.4931","0","0","0","0","0","1.4828","0","0","0","1.4502","1.4697","0","0","1.4234","0.0225","0.0059","0","0.0079","0","0","0","0","1.4203","0","0","0","0","1.3468","0","0","0","0","0.0871","1.1765","0.0448","0","0","0.0212","0.1081","1.021","0","0","0","0.7447","0","0.0527","22.0428","19.9623"
"08/07/2025 2:00","1.4853","0.0691","1.4428","0","0","1.497","0.6976","0","0","0","0","0","1.4407","1.5137","0","0","0.0085","0","0.021","1.5096","0","0","0","1.4651","1.5073","0","0","1.4702","0","0","0","0.1087","0","0","0","0","1.3941","0","0","0","0","1.2644","0","0.0197","0","0","0.0663","0.9342","0.0508","0","0","0","0.09","0.8456","0","0.0325","0","0.5377","0","0","21.2456","19.4719"
"08/08/2025 0:00","1.483","0","1.5265","0.0581","0","1.4865","0.6867","0","0","0","0","0","1.4282","1.5112","0","0","0","0","0","1.4865","0.0115","0","0","1.4659","1.4906","0","0","1.4347","0.0153","0.0098","0.0149","0.0104","0","0","0","0","1.4402","0","0","0","0","1.3659","0","0","0","0","0.0516","1.1427","0.0531","0.0168","0","0","0.082","1.0505","0","0","0","0.7167","0","0.0166","23.5822","20.0559"
"08/09/2025 2:00","1.4723","0","1.4531","0.0394","0.0227","1.5174","0.7091","0","0","0","0","0","1.4389","1.4968","0","0","0","0","0","1.4853","0","0","0","1.49","1.509","0","0","1.5498","0.0072","0.0034","0","0.0172","0","0","0","0","1.4612","0","0","0","0","1.3192","0","0","0","0","0.044","0.9873","0.0395","0","0","0","0.0813","0.8463","0","0","0","0.5415","0","0","21.582","19.5319"
"08/10/2025 0:00","1.5405","0.0445","1.4655","0","0","1.5292","0.6974","0","0","0","0","0","1.4649","1.504","0","0.0062","0","0","0","1.4958","0","0","0","1.4867","1.512","0","0","1.4683","0.0125","0.0178","0.0153","0.0168","0","0","0","0","1.475","0","0","0","0","1.3994","0","0.0144","0","0","0.0699","1.1285","0.0758","0","0","0.037","0.0752","0.9832","0","0","0","0.6581","0.0234","0.0302","22.0489","20.2475"
"08/10/2025 1:00","1.4904","0.0639","1.4745","0","0","1.5601","0.7485","0","0","0","0","0","1.4873","1.5248","0","0.0173","0","0","0.0134","1.5292","0","0","0","1.503","1.5613","0","0","1.5526","0.0062","0","0","0.0431","0","0","0","0","1.523","0","0","0","0","1.4763","0","0","0","0.0083","0.0068","1.1695","0.0467","0","0","0.0115","0.0841","1.0497","0","0","0","0.7403","0","0","22.3548","20.6918"
"08/11/2025 2:00","1.5366","0.094","1.45","0.0567","0","1.5465","0.7034","0","0","0","0","0","1.4719","1.5207","0","0","0","0","0","1.4867","0","0","0","1.4943","1.5254","0","0","1.4392","0.0079","0.0106","0","0.0406","0","0","0","0","1.509","0","0","0","0","1.4551","0","0.0586","0","0","0.0643","1.1459","0.0684","0","0","0","0.069","1.0896","0","0.0423","0","0.7186","0","0.0342","22.3754","20.6395"
"08/12/2025 0:00","1.4921","0.0812","1.4634","0.127","0","1.5143","0.7052","0","0","0","0","0","1.4292","1.4818","0","0","0","0","0","1.4737","0","0","0","1.4576","1.529","0","0","1.5326","0.0079","0.0161","0.0098","0.0822","0","0","0","0","1.447","0","0","0","0","1.3901","0","0.0147","0","0","0.0382","1.2047","0.062","0","0.0393","0","0.0794","1.0803","0","0.0302","0","0.7772","0.0516","0.0595","23.8396","20.6773"
"08/13/2025 0:00","1.5094","0","1.4925","0.0823","0","1.4943","0.704","0","0","0","0","0","1.437","1.4875","0","0.0254","0","0","0","1.4873","0","0","0","1.4669","1.4857","0","0","1.4942","0.0079","0.0208","0.0327","0.0104","0","0","0","0","1.4593","0","0","0.0363","0","1.429","0.038","0.0423","0","0","0.0652","1.1724","0.0522","0","0","0","0.0614","1.0943","0","0","0.0234","0.8089","0.0342","0.0159","22.6235","20.5711"
"08/14/2025 2:00","1.4636","0.033","1.4539","0","0","1.5044","0.6821","0","0","0","0","0","1.4323","1.4914","0","0","0","0","0","1.4533","0","0.0087","0","1.4502","1.488","0","0","1.447","0","0","0.0231","0.0414","0","0","0","0","1.4147","0","0","0","0","1.4908","0","0.042","0","0","0.0758","1.1856","0.0329","0","0","0","0.0771","1.1709","0","0.0363","0","0.8303","0.0278","0.0295","22.2085","20.3861"
"08/15/2025 0:00","1.4387","0","2.873","0","0","1.5222","0.7126","0","0","0","0","0","1.4397","1.4564","0.0196","0","0","0","0","1.4416","0","0","0","1.476","1.4634","0","0","1.4519","0","0","0","0.0034","0","0","0","0","1.4487","0","0","0","0","1.3727","0","0","0","0","0.0658","1.2153","0.068","0","0.0127","0.0202","0.0835","1.0658","0","0.0338","0","0.8465","0","0.0231","23.2023","21.5546"
"08/15/2025 10:00","1.4828","0","1.5479","0.0497","0","1.5197","0.7213","0","0","0","0","0","1.424","1.5011","0","0","0","0","0","1.4702","0","0","0","1.4791","1.4651","0","0","1.4392","0.0074","0.0093","0.0068","0.0197","0","0","0","0","1.4205","0","0","0","0","1.3682","0.0308","0","0","0","0.0592","1.1994","0.0416","0","0","0.0191","0.0809","1.1444","0","0","0","0.8494","0","0","22.2962","20.3568"
"08/16/2025 2:00","1.4607","0","1.4515","0","0","1.4987","0.7005","0","0","0","0","0","1.4397","1.4826","0","0","0","0","0","1.4651","0","0","0","1.4721","1.533","0","0","1.4952","0.007","0.0108","0.0068","0.1164","0","0","0","0","1.4481","0","0","0","0","1.3701","0","0","0","0","0.0883","1.2096","0.1049","0","0","0","0.0552","1.0779","0","0.0418","0","0.8233","0","0","21.8996","20.3593"
"08/17/2025 0:00","1.4774","0","1.5797","0.06","0","1.4848","0.7291","0","0","0","0","0","1.4108","1.4669","0","0","0","0","0","1.4776","0","0","0","1.4459","1.4929","0","0","1.46","0.0323","0.0072","0.0091","0.0223","0","0","0","0","1.4043","0","0","0","0","1.382","0","0","0","0","0.0631","1.2245","0.0714","0","0","0","0.0714","1.1527","0","0","0","0.811","0.0333","0.0093","22.5163","20.379"
"08/17/2025 1:00","1.5036","0.0853","1.4787","0","0","1.5193","0.6933","0","0","0","0","0","1.4313","1.5537","0","0","0","0","0","1.498","0","0","0","1.4745","1.5122","0","0","1.4982","0.0185","0.0068","0.0089","0.0074","0","0","0","0","1.5175","0","0","0","0","1.5746","0","0","0","0","0.0588","1.3744","0.0533","0","0","0","0.0637","1.336","0","0.0282","0","1.0482","0","0","24.0334","21.3444"
"08/18/2025 2:00","1.4632","0","1.4717","0.0509","0","1.4865","0.697","0","0","0","0","0","1.4603","1.4989","0.0105","0","0","0","0","1.4482","0","0","0","1.4651","1.5131","0","0","1.4659","0.0064","0.0102","0.0057","0.0197","0","0","0","0","1.4152","0","0","0","0","1.3884","0.0718","0","0","0","0.0561","1.1261","0.0414","0","0.0066","0","0.0826","1.0183","0","0","0","0.7029","0","0","21.7297","19.9827"
"08/19/2025 0:00","1.5178","0","1.4797","0.061","0","1.5067","0.7011","0","0","0","0","0","1.4533","1.4896","0","0","0","0","0","1.4671","0","0","0","1.4947","1.4993","0","0","1.5084","0.0096","0.0093","0.0539","0.0212","0","0","0","0.0495","1.4971","0","0","0","0","1.4398","0.0953","0.0856","0","0","0.0779","1.1421","0.0096","0","0","0.0108","0.0735","1.0612","0","0","0","0.7322","0.0108","0.0705","22.8094","20.6286"
"08/20/2025 2:00","1.469","0.0715","1.4708","0.0454","0","1.4997","0.7077","0","0","0","0","0","1.424","1.5057","0","0","0","0","0","1.4832","0.0126","0","0","1.4793","1.5116","0","0","1.4358","0.017","0.0206","0","0.0306","0","0","0","0","1.4952","0","0","0.0268","0","1.4011","0","0.0433","0","0","0.0474","1.1593","0.0522","0","0.0132","0","0.0575","1.0401","0","0","0","0.7235","0.0386","0.0442","22.2992","20.3269"
"08/21/2025 0:00","1.4904","0","1.4512","0.068","0","1.5261","0.7093","0","0","0","0","0","1.4447","1.5032","0","0","0","0","0","1.4989","0","0","0","1.4964","1.5439","0","0","1.5182","0.0125","0.0234","0.0189","0.0253","0","0","0","0","1.5073","0","0","0","0","1.4111","0","0","0","0","0.051","1.2274","0.0788","0.0134","0","0.0149","0.0686","1.1754","0","0.042","0","0.8664","0","0.0325","25.1058","20.8192"
"08/22/2025 2:00","1.457","0.0454","1.4455","0.0546","0.0443","1.4884","0.6992","0","0","0","0","0","1.408","1.5116","0","0","0","0","0","1.4729","0","0","0","1.4618","1.4742","0","0","1.4818","0.0183","0","0","0.0062","0","0","0","0","1.4387","0","0","0","0","1.3822","0.0346","0","0","0","0.051","1.2202","0.0514","0","0","0","0.0616","1.1416","0","0","0","0.8465","0","0.0102","23.7615","20.3072"
"08/23/2025 0:00","1.49","0","1.3941","0","0","1.511","0.7056","0","0","0","0","0","1.4352","1.4824","0","0","0","0","0","1.469","0","0","0","1.4877","1.4931","0","0","1.4859","0","0","0","0.0119","0","0","0","0","1.4606","0","0","0","0","1.4133","0","0","0","0","0.0894","1.2693","0.1068","0","0","0","0.0467","1.1404","0","0.0386","0","0.9087","0.0164","0.0263","24.0788","20.4824"
"08/24/2025 2:00","1.4877","0.0979","1.4156","0.0806","0","1.5121","0.6988","0","0","0","0","0","1.4317","1.5028","0","0","0","0","0","1.4741","0","0","0","1.4663","1.5241","0","0","1.5228","0","0","0","0.0302","0","0","0","0","1.4334","0","0","0","0","1.3774","0.1359","0.0149","0","0","0.0818","1.2262","0.1066","0","0","0","0.0639","1.127","0.0064","0","0.0191","0.931","0.013","0","24.7254","20.7813"
"08/24/2025 3:00","1.5112","0.3107","1.498","0.0503","0","1.5481","0.7236","0","0","0","0","0","1.4696","1.5083","0","0","0","0","0","1.502","0","0","0","1.5067","1.5224","0","0","1.5591","0.0246","0.0157","0.0076","0.0259","0","0","0","0","1.5137","0","0","0","0","1.5054","0","0","0","0","0.0648","1.3665","0.0433","0","0.0083","0.0081","0.0403","1.3058","0","0","0","1.1816","0.0098","0","25.2796","21.8314"
"08/25/2025 0:00","1.5061","0","1.4931","0.0818","0","1.5512","0.7388","0","0","0","0","0","1.4331","1.4919","0","0","0","0","0","1.4917","0","0.0089","0","1.4816","1.505","0","0","1.4649","0.0219","0.0153","0.0087","0.0261","0","0","0","0","1.4468","0","0","0","0","1.4158","0.1221","0","0","0","0.09","1.2302","0.0548","0","0.0151","0.0106","0.0646","1.2143","0","0","0.0463","0.9202","0","0","22.9149","20.9509"
"08/26/2025 0:00","1.504","0","1.4659","0","0","1.5119","0.698","0","0","0","0","0","1.4428","1.5073","0","0","0","0","0","1.4813","0","0","0","1.4836","1.5133","0","0","1.4474","0","0.0138","0.0153","0.0153","0","0","0","0","1.475","0","0","0","0","1.3888","0","0.0406","0","0","0.0612","1.2315","0.0535","0","0","0","0.0474","1.1323","0","0","0","0.8832","0.0204","0.0457","22.6913","20.4795"
"08/27/2025 2:00","1.4801","0","1.4741","0.0509","0","1.5428","0.7114","0","0","0","0","0","1.4527","1.4966","0","0","0.0056","0","0","1.4974","0","0","0","1.498","1.5443","0","0","1.5577","0","0","0","0.004","0","0","0","0","1.4702","0","0","0","0","1.4275","0.1374","0","0","0","0.0735","1.2364","0.0849","0.0197","0","0","0.0592","1.1495","0","0","0.034","0.8641","0","0.014","23.8667","20.886"
"08/28/2025 0:00","1.5541","0","1.5314","0.0569","0","1.5329","0.6984","0","0","0","0","0","1.4508","1.549","0","0.0074","0","0","0","1.5172","0","0","0.0299","1.5201","1.5568","0","0","1.5402","0.0011","0.0115","0.0096","0.0127","0","0","0","0","1.4502","0","0","0","0","1.415","0","0","0","0.0072","0.0737","1.247","0.0329","0","0","0","0.1134","1.1856","0","0","0","0.8734","0.0161","0.0087","23.4536","21.0032"
"08/29/2025 2:00","1.6182","0","1.4919","0.0515","0","1.5156","0.6939","0","0","0","0","0","1.4754","1.5015","0","0","0","0","0","1.5071","0","0","0","1.5098","1.5645","0","0","1.526","0.0423","0.0091","0.0127","0.0132","0","0","0","0","1.4782","0","0","0","0","1.4689","0.1716","0.0539","0","0","0.0877","1.2727","0.0575","0","0","0","0.0592","1.1824","0","0","0.048","0.8785","0","0.0516","23.577","21.3429"
"08/30/2025 0:00","1.6926","0","1.4846","0.0849","0","1.5424","0.71","0","0","0","0","0","1.4496","1.5234","0","0","0","0","0","1.5106","0","0","0","1.5459","1.5568","0","0","1.5456","0.0032","0.004","0","0.1151","0","0","0","0","1.5186","0","0","0","0","1.4141","0","0.0295","0","0","0.0431","1.2425","0.0801","0","0","0.014","0.0463","1.2037","0.0068","0","0","0.8195","0.0142","0.0527","23.0669","21.2538"
"08/31/2025 2:00","1.5632","0","1.4848","0.0757","0","1.578","0.6891","0","0","0","0","0","1.456","1.5238","0","0","0","0","0","1.5436","0","0","0","1.5137","1.5666","0","0","1.5364","0","0","0","0.0308","0","0","0","0","1.5126","0","0","0","0.0888","1.475","0","0","0","0","0.0809","1.2487","0.0822","0","0","0","0.0516","1.1312","0","0","0","0.8692","0","0.0395","22.7965","21.1414"
"08/31/2025 3:00","1.6545","0","1.4943","0","0","1.5599","0.7335","0","0","0","0","0","1.4917","1.55","0","0","0","0","0","1.5426","0","0","0","1.5826","1.5744","0","0","1.6088","0.0178","0.0181","0.014","0.0055","0","0","0","0","1.5162","0","0","0","0","1.5033","0","0","0","0","0.0276","1.3663","0.0321","0","0","0.0191","0.0731","1.2905","0","0.0246","0","1.1047","0","0","23.3758","21.8052"
"09/01/2025 0:00","1.5364","0.0054","1.5129","0.0243","0","1.5413","0.7349","0","0","0","0","0.0054","1.449","1.5114","0","0","0","0","0","1.5189","0.0016","0","0.0181","1.5413","1.4956","0","0","1.5228","0","0","0","0.0295","0","0","0","0","1.5194","0","0","0","0.0261","1.4727","0","0","0","0","0.0333","1.258","0.0735","0","0.0119","0","0.0735","1.1722","0","0.0556","0","0.8781","0.0119","0.0752","24.5237","21.1102"
"09/02/2025 2:00","1.617","0","1.4747","0.0573","0","1.5397","0.7126","0.0169","0.0115","0.0105","0","0.0052","1.4789","1.5323","0.0047","0","0","0","0","1.5275","0.0043","0","0","1.5141","1.58","0","0","1.5453","0","0","0","0.0461","0","0","0","0","1.5033","0","0","0","0","1.4188","0","0.0276","0","0","0.0618","1.2124","0.0777","0","0","0.0161","0.0433","1.1281","0","0","0","0.7581","0.0174","0.0329","24.474","20.9761"
"09/03/2025 0:00","1.5506","0.0167","1.471","0.0124","0","1.5279","0.7073","0","0.0035","0.0066","0","0","1.4267","1.5131","0","0.0019","0.0072","0.0037","0","1.5211","0.0045","0.0082","0.0033","1.5372","1.5693","0","0","1.4946","0","0","0","0.0435","0","0","0","0","1.5169","0","0","0","0","1.4884","0.0236","0","0","0","0.0444","1.227","0.017","0","0","0","0.0745","1.1312","0.0115","0.0552","0","0.8178","0.0648","0.0244","24.131","20.927"
"09/04/2025 2:00","1.6652","0.012","1.4403","0.0128","0","1.5331","0.7365","0.0235","0.0043","0.0049","0.0027","0.0041","1.4682","1.5518","0","0.0008","0.0025","0.0033","0.0035","1.5403","0.0064","0","0.0039","1.53","1.5617","0","0","1.4714","0.021","0","0","0.0219","0","0","0","0","1.461","0","0","0","0","1.3924","0","0","0","0","0.0493","1.2644","0.0444","0.0244","0.0176","0","0.0484","1.0478","0","0.0121","0","0.767","0","0.0117","24.0762","20.7666"
"09/05/2025 0:00","1.4861","0","1.4583","0.0225","0.0085","1.5337","0.6912","0","0","0.0324","0.0039","0.0066","1.4609","1.5572","0","0","0.0097","0","0","1.4931","0","0.0019","0","1.4764","1.515","0","0","1.4816","0","0","0.0136","0.0106","0","0","0","0","1.54","0","0","0","0","1.4273","0","0","0","0","0.1283","1.2383","0.1113","0","0","0.0217","0.0403","1.1007","0","0.0408","0.0299","0.8618","0.0098","0","23.9433","20.8134"
"09/06/2025 16:00","1.4179","0","1.403","0","0","1.4498","0.6541","0.0256","0.0126","0.0307","0.0064","0","1.3717","1.4016","0.0076","0","0.0037","0.0012","0.0163","1.4463","0.0037","0.0056","0.0025","1.4411","1.4833","0.0121","0.0442","1.4411","0","0","0","0.0631","0","0","0","0","1.3805","0","0","0","0.0482","1.3381","0.0465","0","0.0206","0","0.0767","1.2011","0.0495","0","0.0104","0","0.0537","1.0423","0","0.042","0.0059","0.8458","0.0229","0","23.6656","19.9294"
"09/07/2025 0:00","1.6003","0","1.4354","0.0118","0","1.5413","0.6877","0.0165","0.0105","0.012","0.0029","0.0223","1.4329","1.4886","0","0","0","0","0","1.4871","0.0064","0.0045","0.0043","1.482","1.5296","0","0","1.4914","0","0","0","0.0123","0","0","0","0","1.4912","0","0","0","0","1.4339","0","0.0486","0","0","0.0546","1.2389","0.0569","0","0","0","0.0172","1.1465","0.0144","0","0","0.9433","0.0263","0.0278","24.3826","20.7794"
"09/07/2025 1:00","1.618","0.0225","1.4566","0.019","0.0074","1.5211","0.686","0","0.0045","0","0","0.0062","1.4383","1.5145","0","0","0","0","0","1.4813","0.0023","0.0078","0","1.4976","1.5343","0","0","1.5126","0","0","0","0.011","0","0","0","0","1.4821","0","0","0","0","1.4954","0","0.0263","0","0","0.0582","1.3508","0.0805","0.0093","0","0","0.0639","1.3738","0","0","0.0138","1.131","0.0062","0","24.3291","21.4323"
"09/08/2025 2:00","1.572","0.0074","1.4826","0.0783","0.0309","1.5764","0.7143","0","0","0.0037","0","0","1.4762","1.5504","0","0.0115","0.0037","0.0049","0.0196","1.5671","0.0031","0.0322","0","1.5417","1.5918","0","0","1.5394","0","0","0","0.0113","0","0","0","0","1.4797","0","0","0","0","1.4105","0.0221","0","0","0","0.1094","1.2166","0.0522","0.0367","0.014","0.0181","0.0346","1.1421","0","0","0","0.8356","0","0","24.3989","21.1901"
"09/09/2025 0:00","1.6215","0.0041","1.4669","0.0163","0.0049","1.6034","0.6922","0","0.0043","0","0","0","1.4611","1.551","0","0","0","0","0","1.543","0","0.006","0","1.5446","1.6014","0","0","1.5379","0","0","0","0.0117","0.0565","0","0","0","1.5029","0","0","0","0.0255","1.5324","0.027","0.0117","0","0.0144","0.0697","1.2485","0.0975","0","0","0","0.0618","1.1544","0","0.0378","0","0.8492","0.0363","0.0096","24.3278","21.4055"
"09/10/2025 2:00","1.5308","0.0113","1.4914","0.0225","0.0105","1.571","0.6696","0","0","0.0025","0","0.0029","1.4789","1.5607","0.0027","0.0124","0.0033","0.0019","0.0095","1.5321","0.0047","0","0.0315","1.5321","1.5946","0","0","1.5536","0","0","0","0.0191","0","0","0","0","1.5041","0","0","0","0","1.4226","0.0223","0","0","0","0.13","1.1429","0.0527","0.0157","0","0","0.0372","0.9958","0.0363","0","0.0384","0.7148","0","0","23.6494","20.7624"
"09/11/2025 0:00","1.4997","0.0134","1.4496","0.0204","0.0256","1.5958","0.6912","0","0","0.0029","0.0043","0.0033","1.4881","1.5448","0","0.0037","0.0039","0","0","1.5193","0.0029","0","0.0023","1.5432","1.6039","0","0","1.5536","0","0","0","0.0418","0.028","0","0","0","1.4627","0","0","0","0","1.4617","0.024","0.0214","0","0","0.0482","1.0573","0.0471","0.0136","0.0089","0","0.0516","0.9236","0.0096","0","0","0.6018","0.0268","0.0142","23.2997","20.4142"
"09/11/2025 11:00","1.5207","0","1.4684","0.0464","0","1.5619","0.6827","0","0","0.0157","0.0049","0.0066","1.4463","1.5535","0.0031","0.0122","0.0029","0.0023","0","1.5576","0.0045","0","0.0093","1.5828","1.594","0","0","1.5978","0","0","0","0.0079","0","0","0","0","1.488","0","0","0","0","1.3825","0.0119","0","0","0","0.1149","1.0958","0.0682","0","0","0.0144","0.045","0.9938","0","0","0","0.6547","0.0093","0","22.763","20.56"
"09/12/2025 2:00","1.523","0.0099","1.53","0","0","1.5819","0.7163","0","0","0","0","0","1.4811","1.5694","0","0","0","0","0","1.504","0.006","0.0035","0.006","1.5279","1.5935","0","0.0304","1.5283","0","0","0","0.0459","0","0","0","0","1.5283","0","0","0","0","1.3653","0","0","0.0072","0.0223","0.0694","1.1353","0.0376","0","0.0149","0","0.0225","1.004","0","0","0","0.7677","0","0","23.1425","20.6316"
"09/13/2025 0:00","1.5422","0","1.4931","0.0169","0.0293","1.5819","0.7044","0.0355","0.0045","0","0","0","1.4451","1.576","0","0","0.0033","0.0021","0","1.525","0","0","0.0023","1.5457","1.5848","0","0","1.4736","0.017","0","0","0.0401","0","0","0","0","1.5054","0","0","0","0","1.4816","0","0","0","0","0.0401","1.2361","0.0357","0.028","0","0","0.0338","1.0586","0","0","0","0.8021","0.0178","0.0985","23.7872","20.9605"
"09/14/2025 2:00","1.5187","0","1.4416","0.0289","0","1.5898","0.6906","0.006","0","0.0016","0","0","1.4416","1.517","0.0043","0","0.0052","0","0","1.5578","0.0062","0.0054","0.0099","1.6061","1.5645","0","0","1.5751","0","0","0","0.0607","0","0","0","0.0495","1.4731","0","0","0.021","0.0673","1.3623","0","0.0578","0","0.031","0.0516","1.1648","0.0658","0.0253","0","0","0.0501","1.0635","0","0.0187","0","0.7929","0.0138","0","23.7524","20.9395"
"09/14/2025 3:00","1.5642","0","1.4974","0.02","0","1.6013","0.7065","0.0103","0.0049","0","0.0091","0.0062","1.4684","1.5824","0","0","0","0","0","1.5735","0.0074","0.0095","0.0025","1.5807","1.6039","0","0","1.5606","0","0","0","0.0151","0","0","0.0149","0","1.5305","0","0","0","0","1.6375","0","0","0","0","0.148","1.3037","0.0217","0","0.0197","0","0.0452","1.2432","0","0","0","0.9526","0","0.0151","24.1227","21.756"
"09/15/2025 0:00","1.5702","0.0093","1.4741","0.0122","0.028","1.6056","0.6689","0","0","0.0153","0.0031","0.0056","1.4492","1.5685","0.0085","0","0","0","0","1.5141","0.0039","0","0","1.5308","1.5814","0","0","1.5309","0","0","0","0.0153","0","0","0","0","1.4903","0.0546","0","0","0","1.4175","0","0","0","0","0.1213","1.1442","0.035","0","0","0","0.0395","1.0652","0","0.0457","0","0.7473","0.0115","0","23.2548","20.767"
"09/16/2025 2:00","1.5417","0","1.5022","0.0278","0.013","1.6395","0.6947","0","0","0.0021","0.0023","0.0064","1.4956","1.5955","0.0054","0.0052","0.0045","0","0.0183","1.5494","0.0074","0","0.0082","1.5586","1.587","0","0","1.5683","0","0","0","0.0227","0","0","0","0","1.4969","0","0","0","0","1.4315","0.0142","0","0","0","0.0431","1.1801","0.0293","0.0132","0.0187","0.0195","0.058","1.0934","0.0115","0.0416","0","0.8055","0","0.0191","24.1832","21.1314"
"09/17/2025 0:00","1.59","0","1.4974","0.028","0","1.6415","0.6774","0","0","0.0041","0.0035","0.0196","1.4741","1.5683","0.0134","0","0","0","0.0012","1.6005","0.006","0","0","1.551","1.6231","0","0","1.5719","0","0","0","0.0726","0","0","0","0","1.5523","0","0","0","0","1.4094","0","0","0","0","0.1321","1.1007","0.0457","0","0","0.0206","0.028","0.9864","0","0","0","0.687","0.031","0.0246","23.5573","20.9614"
"09/18/2025 2:00","1.6648","0","1.4947","0.012","0.0441","1.6871","0.7141","0","0","0.0047","0.0118","0.0115","1.4494","1.5854","0","0","0","0","0","1.6296","0.0062","0.0049","0","1.6296","1.659","0","0","1.5944","0","0","0","0.0552","0","0","0","0","1.5126","0","0","0","0","1.4685","0.035","0.0132","0","0.007","0","1.1843","0.024","0.0081","0","0.0344","0.0414","1.0554","0","0","0","0.8008","0.0542","0.0323","24.083","21.5297"
"09/19/2025 0:00","1.6011","0","1.4875","0.0004","0","1.6296","0.6832","0.0276","0.013","0.0056","0.0043","0.0021","1.478","1.5465","0","0","0","0","0","1.5556","0.0064","0","0","1.5496","1.6059","0","0","1.6228","0.052","0","0","0.0236","0.0374","0","0","0","1.522","0","0","0.0323","0","1.447","0","0.0542","0","0","0.0433","1.2353","0.0382","0","0.0072","0","0.0493","1.1807","0","0.0391","0","0.8452","0.0287","0.0206","24.349","21.4753"
"09/20/2025 2:00","1.5537","0.0105","1.5069","0.0136","0.0097","1.6452","0.6761","0","0","0.0023","0","0","1.4449","1.5677","0.0068","0","0","0","0","1.543","0.0204","0","0","1.5226","1.5566","0","0","1.5007","0.0265","0","0","0","0","0","0","0","1.4961","0.0376","0","0","0","1.3967","0.0157","0","0","0.013","0.0469","1.2432","0.0879","0","0","0","0.0238","1.1081","0","0","0","0.8734","0.0168","0.0059","24.1392","20.9723"
"09/21/2025 0:00","1.5733","0","1.504","0","0","1.6316","0.6891","0","0","0.0064","0.0025","0","1.4669","1.5838","0","0","0","0","0","1.5576","0.0111","0","0","1.5854","1.6175","0","0","1.5664","0","0","0","0","0","0","0","0","1.5523","0","0","0","0","1.6953","0","0.0467","0","0","0.0208","1.2402","0.0138","0","0","0.0289","0.0588","1.1444","0","0","0","0.9408","0.0459","0.0074","24.5099","21.5909"
"09/21/2025 1:00","1.6423","0","1.5294","0.0188","0.0103","1.6454","0.7114","0","0","0.0047","0.0056","0","1.4566","1.6046","0.0058","0","0","0","0","1.5537","0.0045","0","0","1.5523","1.633","0","0","1.5526","0","0","0.0293","0.017","0","0.0463","0","0","1.5929","0","0","0","0","1.4916","0.0654","0","0","0","0.0652","1.4421","0.0446","0","0","0.0168","0.0518","1.3897","0","0","0","1.1529","0","0.0089","25.6032","22.3455"
"09/22/2025 2:00","1.4826","0","1.4535","0.0157","0.0056","1.5708","0.6784","0","0","0.0035","0","0","1.4378","1.5411","0.0039","0.0043","0.0039","0","0.0054","1.5531","0.0064","0","0.0064","1.5747","1.6056","0","0","1.6003","0","0","0","0.017","0","0","0.0856","0","1.467","0","0","0","0","1.3901","0","0","0.0104","0","0.0561","1.2245","0.0401","0","0","0","0.0724","1.1393","0.0059","0","0","0.8297","0.0185","0.034","23.7146","20.9436"
"09/23/2025 0:00","1.5162","0","1.5104","0.0227","0","1.6157","0.7023","0.0128","0","0.0006","0","0.0047","1.4605","1.5819","0","0","0","0","0","1.5716","0","0.0049","0.0029","1.5939","1.6547","0","0","1.58","0","0","0","0.0185","0","0","0","0","1.5247","0","0","0","0.0716","1.4706","0","0","0","0","0.0499","1.2128","0.0478","0.0057","0.0225","0","0.013","1.1185","0","0","0","0.8023","0","0","24.3739","21.1937"
"09/24/2025 2:00","1.6073","0","1.5275","0.0202","0","1.6032","0.6739","0","0","0.0054","0.0021","0.014","1.4729","1.5805","0.0019","0.0091","0.0027","0.0047","0.0068","1.597","0.0093","0","0.0047","1.5788","1.6216","0","0","1.5925","0","0","0","0","0","0","0","0","1.5209","0","0","0","0","1.4358","0","0","0","0","0.075","1.193","0.042","0.0176","0.021","0","0.0578","1.1123","0.0068","0","0","0.7946","0","0.0219","23.8498","21.2348"
"09/24/2025 23:00","1.5912","0","1.5613","0.0303","0","1.6533","0.7163","0","0","0","0","0","1.4537","1.5749","0.0027","0.0033","0.0039","0.0045","0.0093","1.55","0.0045","0","0.0054","1.6118","1.6012","0","0","1.5298","0","0","0","0.024","0","0","0","0","1.5468","0.0244","0","0","0","1.515","0","0.0302","0.0236","0","0.052","1.2315","0.0599","0.0183","0.0072","0","0.0289","1.137","0","0","0","0.8894","0.0089","0.0276","24.3361","21.5321"
"09/25/2025 14:00","1.5457","0.0064","1.4886","0.0198","0","1.5931","0.6947","0.0074","0.0066","0","0","0","1.4354","1.5553","0","0","0","0","0","1.5646","0.0025","0.0031","0.0029","1.5729","1.5804","0","0","1.5139","0","0","0","0","0.034","0","0","0","1.5005","0","0","0","0","1.4362","0.0132","0","0","0","0.1041","1.1986","0.0268","0","0","0","0.0514","1.0384","0","0.0272","0.0074","0.7828","0","0.0106","23.8327","20.8245"
"09/26/2025 2:00","1.6384","0.0192","1.5119","0","0","1.6269","0.6749","0","0","0.0095","0","0","1.4498","1.5568","0.0074","0.0062","0","0","0.0113","1.5931","0.0027","0.0186","0.0021","1.6155","1.6243","0","0","1.5668","0","0","0","0.0263","0","0.0183","0","0","1.5222","0","0","0","0","1.4326","0","0","0","0","0.0607","1.1835","0.0164","0.0191","0.0142","0","0.028","1.1098","0","0.0355","0","0.8259","0","0.0187","24.0198","21.2466"
"09/27/2025 0:00","1.5871","0.0113","1.4562","0.1053","0.0155","1.6265","0.706","0","0","0","0","0","1.4298","1.5529","0","0","0","0","0","1.612","0.0054","0","0.0074","1.6176","1.6617","0","0","1.6027","0","0","0","0","0.0214","0","0","0","1.5294","0","0","0","0","1.4897","0","0.0493","0","0.0089","0.0675","1.2223","0.0646","0","0","0","0.0471","1.0883","0","0","0.0102","0.8736","0.0185","0.0454","24.5658","21.5336"
"09/28/2025 2:00","1.5628","0.0062","1.4929","0.0173","0.0212","1.6481","0.699","0","0","0.0037","0.0025","0.0027","1.4733","1.5483","0.0101","0.0027","0.0118","0.008","0.0274","1.5543","0.0027","0.0103","0.0025","1.5358","1.6044","0","0","1.6156","0","0","0","0","0","0","0","0","1.5209","0","0","0","0","1.4024","0","0.0327","0","0","0.0493","1.2179","0.0431","0","0","0.017","0.0442","1.0888","0","0.0096","0","0.856","0","0","24.5661","21.1455"
"09/28/2025 3:00","1.5671","0.0157","1.496","0.0247","0.0177","1.598","0.7289","0","0","0","0","0","1.4791","1.5916","0.006","0.0045","0","0","0.006","1.5296","0.0058","0.0054","0","1.5434","1.5918","0.0344","0","1.5891","0.028","0","0","0.0072","0","0","0.0556","0.0212","1.6509","0","0","0","0","1.5746","0.0183","0","0","0.0121","0.0922","1.3812","0.0376","0.0115","0.0248","0","0.0325","1.2782","0.027","0","0","1.1308","0.0223","0","25.6824","22.2408"
"09/29/2025 0:00","1.5551","0.0284","1.4805","0.0963","0","1.544","0.6982","0","0","0","0","0.0101","1.458","1.5393","0","0","0","0","0","1.5139","0.0039","0","0.0023","1.5617","1.5602","0","0","1.5566","0","0","0","0.0085","0","0","0","0","1.4763","0","0","0.0372","0","1.4296","0.0191","0","0","0","0.1474","1.2308","0.0104","0","0","0","0.0306","1.1208","0","0.0384","0","0.8696","0","0.0338","23.7985","21.061"
"09/30/2025 2:00","1.5238","0","1.478","0.0449","0","1.5984","0.6986","0","0","0.0068","0","0","1.4649","1.5622","0.0035","0","0","0","0","1.5411","0.0074","0.0027","0.0054","1.5547","1.6067","0","0","1.5657","0","0","0.0185","0.0153","0","0","0","0","1.4963","0","0","0","0","1.3623","0","0","0","0.0202","0.1552","1.2268","0.0153","0","0","0.0202","0.0505","1.1387","0","0","0.035","0.9095","0.0346","0.0656","23.654","21.2288"
"10/01/2025 0:00","1.5296","0.013","1.5205","0.0107","0","1.6238","0.697","0","0.0047","0","0","0","1.4436","1.5811","0","0.0029","0.0014","0.0056","0.0039","1.6019","0","0","0.0039","1.5844","1.6188","0","0","1.5933","0.0486","0","0","0.0159","0","0","0","0","1.5061","0.0592","0","0","0","1.4001","0.0342","0","0","0","0.0618","1.2005","0.0223","0","0","0","0.097","1.1831","0","0","0.0074","0.8206","0","0","24.2947","21.2969"
"10/02/2025 2:00","1.6407","0.0157","1.5259","0","0.0111","1.5803","0.7095","0.0101","0","0","0","0","1.4721","1.55","0","0","0","0","0","1.5875","0.0041","0.0087","0.0103","1.6244","1.6097","0","0","1.5432","0","0","0","0.0212","0","0","0","0","1.5209","0","0","0","0","1.4116","0","0","0","0","0.0342","1.2289","0","0","0","0.017","0.0601","1.1166","0","0.051","0","0.7972","0.0176","0.028","23.7943","21.2076"
"10/03/2025 0:00","1.5997","0.012","1.462","0","0","1.5929","0.6588","0.0198","0.0027","0.0023","0.0029","0.0095","1.4467","1.5605","0","0","0","0","0","1.5436","0.0089","0.0066","0.0045","1.5543","1.6411","0","0","1.5513","0","0","0","0.0123","0","0","0","0","1.5351","0","0","0","0","1.4133","0","0.0586","0","0","0","1.1896","0.0716","0.0248","0.0798","0","0.0406","1.1058","0","0","0","0.8356","0","0","23.7484","21.0472"
"10/04/2025 0:00","1.4425","0.0137","1.3875","0.0568","0","1.4924","0.6473","0","0","0","0","0","1.3535","1.4454","0.0023","0.0023","0.0076","0","0.0097","1.444","0.0072","0.0049","0.0183","1.444","1.4912","0","0","1.3961","0","0","0","0.0597","0","0","0","0","1.3369","0","0","0","0","1.2913","0","0","0","0","0.0361","1.0902","0.0177","0","0","0","0.0357","0.9763","0","0.0272","0","0.7346","0","0","21.7637","19.2724"
"10/05/2025 2:00","1.4755","0.006","1.4096","0.0362","0","1.5164","0.7088","0","0","0","0","0","1.3748","1.47","0.0016","0.0053","0.0032","0","0","1.441","0.0091","0.0049","0","1.4337","1.4326","0","0","1.3961","0","0","0","0.0233","0","0","0","0","1.3786","0","0","0","0","1.363","0","0","0","0","0.024","1.1438","0.0275","0","0","0","0.0289","1.0152","0","0","0","0.8136","0","0","21.7586","19.5427"
"10/05/2025 3:00","1.4987","0","1.4289","0.0088","0.0199","1.531","0.6614","0","0","0.0074","0","0","1.4034","1.4966","0","0","0","0","0","1.495","0.0088","0","0.0033","1.4837","1.5191","0","0","1.4329","0","0","0","0.0093","0","0","0","0","1.3987","0","0","0","0","1.4206","0","0","0.0214","0.0072","0.0992","1.294","0.0357","0.02","0","0","0.0286","1.1934","0","0.0177","0","1.0329","0","0.0098","22.3161","20.5874"
"10/06/2025 0:00","1.4764","0.0211","1.4145","0.0223","0","1.57","0.6582","0.0044","0.0056","0","0","0","1.4057","1.5639","0","0","0","0.0023","0.0139","1.4839","0.0083","0.0042","0.0032","1.5173","1.4862","0","0","1.425","0.0161","0","0","0.0583","0","0","0","0.0587","1.48","0","0","0","0","1.2956","0","0.0112","0","0","0.0837","1.1491","0.0482","0.0226","0","0","0.0137","0.9786","0","0","0.0182","0.7689","0","0","22.1465","20.0893"
"10/07/2025 2:00","1.608","0","1.3975","0.0123","0.0297","1.517","0.6401","0","0","0.0047","0.0069","0.0026","1.3708","1.4396","0","0","0","0","0","1.4729","0.0051","0.0018","0","1.4651","1.4932","0","0","1.4354","0.0533","0","0.0124","0","0","0","0","0","1.4336","0","0","0","0.0226","1.3236","0","0.0396","0","0","0","1.0871","0.0343","0","0","0","0.0251","0.9802","0","0","0.01","0.7127","0","0.0145","21.8059","19.6517"
"10/08/2025 0:00","1.5734","0.0065","1.4338","0.0234","0","1.5289","0.6735","0.0072","0.0021","0","0","0.0051","1.3748","1.5068","0.003","0.0019","0.0072","0","0.0051","1.5275","0.0139","0.0016","0","1.5004","1.5137","0","0","1.4513","0","0","0","0.014","0","0","0.0124","0","1.4334","0","0","0.024","0","1.3679","0.0152","0.0512","0","0","0.069","1.106","0.0175","0","0","0.0137","0.1053","1.1251","0","0.0261","0.0251","0.7899","0","0.0808","22.7699","20.4377"
"10/09/2025 2:00","1.3776","0.0097","1.2683","0","0.0065","1.4024","0.5883","0","0","0","0","0","1.2659","1.3296","0.0132","0","0.003","0.003","0","1.3467","0.0121","0.0025","0.0098","1.3476","1.3309","0","0","1.2749","0","0","0","0.0072","0","0.017","0","0","1.2297","0","0","0","0","1.1367","0","0.0032","0","0.0244","0.0237","0.9685","0.0238","0","0","0","0.0245","0.8344","0.0187","0.0242","0.0244","0.6251","0","0","19.9278","17.5775"
"10/10/2025 0:00","1.2746","0","1.2597","0.0199","0.0128","1.3766","0.6043","0","0","0","0","0","1.2177","1.3202","0.0088","0","0","0","0","1.3432","0.0021","0","0","1.3391","1.3711","0","0","1.3437","0","0","0","0.0074","0","0","0","0","1.233","0","0","0.0196","0","1.1757","0","0","0","0","0.034","1.0254","0.0284","0","0.0089","0","0.021","0.9483","0","0","0.0093","0.6873","0","0","20.0798","17.6921"
"10/11/2025 2:00","1.2613","0.0095","1.2857","0","0.0121","1.3523","0.5827","0","0","0.0067","0.0028","0.0039","1.2216","1.3368","0","0.0047","0.006","0.0018","0.0051","1.3163","0.003","0.0042","0.0151","1.2973","1.2905","0","0","1.2428","0","0.0093","0","0.0427","0","0","0","0","1.2276","0.0343","0.0137","0.0144","0.0114","1.1402","0.0138","0","0","0.0105","0","1.0242","0.0256","0","0","0.0261","0.0266","0.962","0","0.0063","0.0235","0.7439","0","0","20.5115","17.6183"
"10/12/2025 0:00","1.2636","0","1.3135","0","0.0051","1.394","0.5899","0","0","0.0053","0","0","1.2254","1.3158","0.0042","0.004","0.0023","0.0054","0","1.2873","0.0081","0.0086","0.0095","1.3209","1.3259","0","0","1.2496","0","0","0","0","0","0","0","0","1.2239","0","0","0","0","1.1661","0","0","0.0068","0.014","0.0245","1.0117","0.035","0","0","0","0.0357","0.9024","0","0.0124","0","0.6964","0","0.0033","19.6452","17.4706"
"10/12/2025 1:00","1.3275","0.0072","1.2745","0.0109","0.0033","1.4115","0.5809","0","0","0.0084","0.0072","0.0025","1.2399","1.3518","0.0069","0.0035","0","0","0","1.3676","0.0028","0.0046","0.0023","1.3629","1.3947","0","0","1.346","0","0.0135","0","0.0072","0","0.0159","0","0","1.2726","0.0212","0","0","0","1.2589","0","0.0179","0","0","0.1016","1.1162","0.0186","0.0193","0","0.013","0.0166","1.0548","0.027","0","0.048","0.8849","0","0","21.0199","18.6241"
"10/13/2025 2:00","1.3586","0","1.2578","0.0172","0","1.369","0.5962","0","0","0.0058","0","0","1.2193","1.3263","0","0","0.0054","0","0","1.2695","0","0.0058","0.0119","1.272","1.2954","0","0","1.2712","0","0","0","0.0117","0","0","0","0","1.267","0","0","0","0","1.1608","0","0.0617","0","0","0","0.9459","0.0314","0","0.0168","0","0.0352","0.8357","0.0387","0","0","0.5645","0","0","18.989","17.2508"
"10/14/2025 0:00","1.3061","0","1.2643","0.0297","0","1.3528","0.5806","0","0","0.0021","0.0037","0.0065","1.2184","1.3404","0.0028","0","0.003","0","0","1.3142","0.0074","0.0019","0","1.2848","1.2877","0","0","1.2686","0","0","0","0.0599","0","0","0","0","1.2486","0","0","0","0","1.2102","0.0424","0","0.0166","0","0.0573","1.0503","0.0422","0","0","0","0.0345","0.9714","0","0.0244","0.0329","0.6936","0","0.0436","20.2076","17.8029"
"10/15/2025 0:00","1.292","0.0062","1.2857","0.026","0","1.3613","0.611","0.0077","0.0053","0","0","0","1.2142","1.3253","0.0019","0","0","0.0137","0.0054","1.3426","0.0026","0.0018","0","1.3156","1.3288","0","0","1.2703","0","0","0","0.014","0","0.0102","0","0","1.273","0","0","0","0","1.1181","0","0","0","0","0.0724","0.9786","0","0","0","0.0142","0.0787","0.8942","0","0","0.0056","0.6706","0","0.0319","20.0649","17.5789"
"10/16/2025 2:00","1.3112","0.0049","1.2502","0.064","0","1.3734","0.5974","0.0069","0.0035","0.0095","0","0","1.2377","1.3398","0","0","0","0","0","1.3293","0.0146","0","0.0072","1.308","1.3476","0","0","1.2542","0","0","0","0.02","0","0","0","0","1.2285","0.0237","0","0","0","1.1584","0","0","0","0","0.027","0.9655","0.0392","0.014","0.0046","0.0051","0.0284","0.8176","0","0","0","0.5795","0.0077","0.0091","19.3008","17.3877"
"10/17/2025 0:00","1.3636","0.0074","1.2736","0.0497","0","1.3852","0.5872","0.0063","0.0042","0.0091","0","0","1.233","1.3518","0.0019","0","0","0","0","1.3351","0.003","0.0062","0.003","1.3353","1.3655","0","0","1.3036","0","0","0","0","0.0547","0","0","0","1.2588","0","0","0","0","1.2327","0.0084","0.0293","0.0193","0","0.0834","0.9886","0","0","0","0.0152","0.0403","0.9224","0","0","0.0077","0.6153","0","0.0187","20.3393","17.9195"
"10/18/2025 2:00","1.3625","0","1.2636","0.0009","0.0119","1.4071","0.5922","0","0","0.0019","0","0","1.2569","1.3293","0","0","0","0","0.0046","1.3957","0.0067","0.0033","0","1.3961","1.3847","0","0","1.3252","0","0","0","0.0081","0.0244","0","0","0","1.1789","0.0548","0","0","0","1.1768","0","0.0385","0","0.0051","0.1505","0.9066","0.0128","0","0","0","0.0282","0.7779","0","0","0.0068","0.5261","0","0.0137","19.6627","17.6518"
"10/19/2025 0:00","1.4272","0.0524","1.3198","0","0","1.3567","0.618","0.0105","0.0021","0.0084","0.0021","0","1.224","1.3354","0","0","0.0047","0","0.0025","1.3151","0.004","0.0026","0","1.3073","1.3104","0","0.0189","1.2842","0.0154","0","0","0","0","0","0","0","1.208","0","0","0","0","1.1561","0","0.0329","0","0","0","0.9389","0.0613","0","0","0.0056","0.0182","0.8353","0.0168","0","0","0.5636","0","0","19.5239","17.4584"
"10/19/2025 1:00","1.4321","0.0109","1.279","0.0156","0.0192","1.3528","0.5748","0.0135","0.0021","0.0023","0","0","1.2722","1.3233","0","0","0","0.0128","0.0142","1.3499","0.0025","0","0.0076","1.3641","1.352","0","0","1.2849","0","0","0","0.0151","0.028","0","0","0","1.2549","0.0443","0","0","0","1.2036","0.0158","0.0154","0","0","0.0077","1.02","0.0317","0.0088","0","0.0095","0.0436","0.9243","0","0.0303","0.0189","0.6508","0","0","20.3473","18.0085"
"10/20/2025 2:00","1.3119","0","1.2541","0.0123","0.0037","1.3595","0.6083","0","0","0","0","0","1.2219","1.3196","0","0","0","0","0","1.3539","0.0119","0","0.0032","1.366","1.3316","0","0","1.3239","0","0","0","0","0","0","0","0","1.2066","0","0.0102","0","0","1.1531","0","0","0","0","0.037","0.9459","0.0506","0","0","0","0.0434","0.8612","0","0.0277","0","0.5629","0.0116","0","20.0888","17.392"
"10/20/2025 12:00","1.3228","0.0065","1.2834","0.0051","0","1.3832","0.6168","0","0.0032","0.004","0","0","1.2465","1.3332","0.003","0","0.0032","0.0037","0","1.3224","0.0079","0","0","1.3152","1.3584","0","0","1.3155","0","0","0","0.0023","0","0","0","0","1.2109","0","0","0","0","1.1035","0.0149","0","0.0047","0","0.0909","0.9147","0","0","0","0","0.0385","0.8124","0","0.021","0","0.5189","0","0.006","19.6068","17.2727"
"10/21/2025 0:00","1.4382","0.0132","1.3284","0.0497","0","1.3667","0.611","0.0065","0.0121","0","0","0","1.2326","1.3493","0","0","0","0","0","1.3449","0.0028","0.0074","0.007","1.3643","1.3306","0","0","1.332","0","0.0258","0","0.0079","0","0","0","0","1.2738","0","0","0","0","1.1114","0","0.042","0.004","0","0.0529","0.8152","0.0231","0.0145","0","0.0072","0.0244","0.6836","0.0068","0.0568","0","0.4506","0","0.0165","19.8894","17.4132"
"10/22/2025 2:00","1.5644","0.0116","1.2871","0.0471","0","1.3643","0.606","0","0","0","0","0","1.2571","1.2941","0","0","0","0","0","1.333","0.0127","0","0","1.3263","1.2885","0.0168","0.0224","1.3043","0","0","0","0.0342","0","0","0","0","1.2765","0.0189","0","0","0","1.1593","0","0.047","0.0093","0","0.0207","0.8488","0","0","0","0.0105","0.0166","0.7614","0.0144","0","0","0.4846","0","0","18.8656","17.4379"
"10/23/2025 0:00","1.4184","0.0121","1.2648","0","0","1.363","0.5973","0","0","0","0","0","1.2332","1.3528","0","0","0","0","0","1.3138","0","0","0","1.2885","1.3203","0","0","1.2518","0","0","0","0.0074","0","0","0","0","1.2751","0","0","0","0.027","1.1552","0.0261","0.0403","0","0","0.0487","0.9693","0.0301","0","0","0","0.0366","0.8739","0.0266","0","0","0.5953","0.0422","0.0196","18.8727","17.5894"
"10/24/2025 0:00","1.421","0.0165","1.2666","0.0503","0","1.3641","0.5943","0","0","0","0","0","1.2502","1.2943","0","0","0","0","0","1.3277","0","0","0","1.3147","1.2933","0","0","1.2878","0","0","0","0","0","0","0","0","1.2712","0","0","0","0.0298","1.1797","0","0","0","0","0.0601","0.908","0.023","0","0.0116","0.0138","0.0398","0.7973","0","0.0224","0","0.5431","0.0293","0.0238","18.8832","17.4337"
"10/25/2025 2:00","1.457","0.0109","1.305","0","0","1.3795","0.6118","0","0","0","0","0","1.2481","1.3091","0","0","0","0","0","1.2824","0","0","0","1.2994","1.3013","0","0","1.2328","0","0","0","0","0","0","0","0","1.2314","0.0116","0","0","0","1.0995","0.0186","0.0149","0","0","0.0336","0.9017","0.014","0","0.0179","0.0116","0.0289","0.8134","0.0349","0","0","0.5224","0","0.0217","18.7338","17.2134"
"10/26/2025 0:00","1.2757","0","1.2894","0","0","1.3574","0.6059","0","0","0","0","0","1.2397","1.3022","0","0","0","0","0","1.3166","0.0095","0","0","1.3217","1.3082","0","0.0158","1.2884","0","0","0","0","0","0","0","0","1.2002","0","0","0","0","1.0667","0.018","0","0","0","0.0464","0.7744","0.0151","0","0","0","0","0.6601","0","0","0","0.4429","0.0347","0.0046","18.0086","16.5936"
"10/26/2025 1:00","1.3298","0","1.2889","0.0409","0","1.3843","0.6048","0.0227","0","0","0","0","1.2657","1.3676","0","0","0","0","0.0155","1.3664","0","0","0","1.3254","1.3464","0","0","1.321","0","0","0","0","0","0","0.0266","0","1.2437","0","0.0128","0","0","1.0689","0","0","0","0","0.0333","0.8502","0","0.0095","0.0349","0.0068","0.0615","0.7491","0","0","0","0.5272","0","0","18.8491","17.3039"
"10/27/2025 2:00","1.3151","0","1.2718","0.0416","0","1.408","0.6096","0","0","0","0","0.0167","1.2464","1.3374","0","0","0.0077","0","0","1.3281","0","0","0","1.3126","1.3031","0","0","1.2931","0","0","0","0","0","0","0","0","1.2423","0","0","0","0","1.1342","0.0121","0","0","0","0.0463","1.0131","0.0152","0.0121","0","0","0.0429","0.8481","0.0156","0","0.0103","0.6179","0.0077","0","18.7295","17.509"
"10/28/2025 0:00","1.3318","0","1.2811","0.0678","0","1.3481","0.5939","0","0","0","0","0","1.2525","1.3244","0","0","0","0","0","1.3089","0","0","0","1.2878","1.3336","0","0","1.2803","0","0","0","0","0","0","0.0531","0","1.1894","0","0","0","0","1.0631","0","0.0224","0","0","0","0.7511","0","0","0","0.0286","0","0.6195","0","0.0063","0","0.3881","0.0054","0","17.7203","16.5372"
"10/29/2025 2:00","1.4848","0","1.2667","0","0","1.3817","0.5976","0","0","0","0","0","1.258","1.3072","0","0","0","0","0","1.3228","0","0","0","1.304","1.3332","0","0","1.3211","0","0","0","0.0308","0","0.0151","0","0","1.2327","0","0","0","0","0.9848","0","0","0","0","0.0461","0.6854","0.01","0","0.0086","0.0391","0.0298","0.5764","0","0.0275","0","0.3972","0","0.0133","18.0823","16.6739"
"10/30/2025 0:00","1.4721","0.0192","1.2954","0","0","1.3723","0.5781","0","0","0","0","0","1.2428","1.2977","0","0","0","0","0.0091","1.3289","0","0","0","1.3189","1.3122","0","0","1.2412","0","0","0","0.0025","0","0","0","0","1.2875","0","0","0.0173","0.0438","1.1053","0.0207","0.0401","0","0","0.0058","0.7647","0.0196","0","0.0279","0.0303","0.0231","0.7164","0.0314","0","0","0.4436","0.0251","0","18.4521","17.093"
"10/31/2025 2:00","1.5066","0","1.2734","0.042","0","1.3883","0.5988","0","0","0","0","0","1.2551","1.3094","0","0","0","0","0","1.3267","0","0","0","1.3377","1.3323","0","0","1.2838","0.0161","0","0","0.0182","0","0","0","0","1.2468","0","0","0","0.0454","1.1601","0","0.0173","0","0","0.0419","0.8523","0.0979","0.0354","0","0","0.024","0.7314","0","0","0","0.5501","0.0065","0.0091","18.9338","17.5066"
"11/01/2025 0:00","1.504","0.0666","1.2694","0","0","1.4149","0.5725","0","0","0","0","0","1.2168","1.3428","0","0","0","0","0","1.3289","0","0.0098","0","1.3325","1.3231","0","0","1.2624","0","0.0557","0","0.0005","0","0","0","0","1.3467","0","0","0","0.0172","1.3134","0.0233","0.0389","0.0051","0","0.042","0.9399","0.0427","0.0184","0","0","0.03","0.8758","0.0417","0","0.0173","0.5624","0","0.013","19.6991","18.0277"
"11/02/2025 2:00","1.4704","0","1.2655","0.0304","0","1.3629","0.6359","0","0","0","0","0","1.2283","1.3214","0","0","0","0","0","1.2903","0","0","0","1.2912","1.2714","0","0","1.3143","0","0","0","0.0184","0","0","0","0","1.284","0","0","0","0.0289","1.14","0","0","0","0","0.0335","0.8754","0.0667","0.0201","0.0611","0.0201","0.0697","0.8541","0","0.028","0","0.52","0.0144","0.0212","19.2374","17.5376"
"11/02/2025 3:00","1.5414","0","1.285","0.0569","0","1.3711","0.6118","0","0","0","0","0","1.266","1.3409","0","0","0","0","0","1.3569","0","0","0","1.3463","1.3411","0","0","1.2987","0","0","0","0","0","0","0","0","1.2717","0","0","0","0","1.1391","0","0","0","0","0.1006","0.8427","0.0275","0.0096","0","0","0.0214","0.7491","0","0","0","0.5198","0","0","18.6021","17.4976"
"11/03/2025 0:00","1.4565","0.0033","1.3068","0","0","1.3674","0.605","0.0176","0","0","0","0.0142","1.2254","1.3117","0","0","0","0","0","1.2894","0.0195","0","0","1.2734","1.3124","0","0","1.2288","0.0464","0","0","0.0051","0","0.0251","0","0","1.2833","0","0","0","0.0349","1.1633","0","0.0408","0","0","0.0473","0.8802","0.0394","0.0074","0","0.0336","0.0265","0.8381","0","0.0331","0","0.5552","0","0.0079","18.9682","17.499"
"11/04/2025 2:00","1.359","0.0053","1.2692","0.0638","0","1.3644","0.6045","0","0","0","0","0","1.2325","1.3117","0","0","0","0","0","1.3017","0","0","0","1.3093","1.2829","0","0","1.2754","0.0049","0","0","0.0054","0","0","0.0608","0","1.2595","0","0","0","0","1.0137","0","0","0","0","0","0.7341","0.0131","0","0","0","0.047","0.6535","0","0","0","0.3917","0","0","17.8149","16.5634"
"11/05/2025 0:00","1.3732","0","1.2736","0","0","1.3514","0.6029","0","0","0","0","0","1.2072","1.2894","0","0","0","0","0","1.327","0","0","0","1.3138","1.3103","0","0","1.2889","0","0","0","0.0053","0","0","0","0","1.2461","0","0","0","0","1.1377","0","0.0382","0","0","0.0277","0.785","0","0","0.0224","0","0.0144","0.7023","0","0.0237","0","0.438","0.0237","0","18.2136","16.8022"
"11/06/2025 3:00","1.2732","0.017","1.2694","0","0","1.331","0.586","0.02","0","0","0","0","1.2042","1.301","0","0","0","0","0","1.3084","0","0","0","1.3342","1.3013","0","0","1.2675","0","0","0","0.0534","0","0","0","0","1.2113","0","0","0","0","1.0499","0","0.0067","0","0.004","0.0364","0.7554","0.0226","0","0","0","0.0088","0.6768","0","0.0089","0","0.4259","0.03","0","17.8197","16.5033"
"11/07/2025 0:00","1.4135","0.0051","1.3038","0","0","1.3925","0.6111","0.0257","0","0","0","0","1.2191","1.2949","0","0","0","0","0","1.317","0.0193","0","0","1.3021","1.3057","0","0","1.2793","0","0.0154","0","0.0145","0","0","0","0","1.2565","0","0","0","0","1.0745","0","0","0","0","0.0883","0.8248","0.0214","0","0.0058","0","0.0121","0.7181","0","0","0","0.4601","0","0","18.4657","16.9806"
"11/08/2025 2:00","1.3372","0","1.2757","0","0","1.3407","0.611","0","0","0","0","0","1.2319","1.334","0.0097","0","0","0","0","1.3305","0","0","0","1.3451","1.3113","0.0545","0","1.267","0","0.0352","0","0","0.0193","0","0","0","1.2101","0","0","0","0","1.0739","0.0123","0","0.0359","0.0086","0.0205","0.7903","0","0","0","0.0054","0.0256","0.685","0","0.0165","0","0.434","0","0","17.8033","16.8212"
"11/09/2025 0:00","1.4674","0","1.2402","0.0655","0","1.339","0.6313","0","0.0272","0","0","0","1.2397","1.3087","0","0","0","0","0","1.2787","0","0","0","1.269","1.2826","0","0","1.2144","0","0","0","0","0","0","0","0","1.2272","0","0","0","0.0429","1.0443","0","0.0133","0","0","0.0242","0.726","0.0552","0","0","0","0.0142","0.6885","0","0.0065","0","0.3966","0.011","0.0224","17.8875","16.636"
"11/09/2025 1:00","1.5286","0","1.3068","0","0","1.3244","0.6178","0","0","0","0","0","1.2929","1.2929","0","0","0","0","0","1.3103","0","0","0","1.301","1.2889","0","0","1.2793","0","0","0","0","0","0","0","0","1.1547","0","0","0","0","1.0266","0","0","0","0.018","0.0294","0.6847","0.0208","0","0.0044","0.0154","0.0159","0.5986","0.0049","0.0228","0","0.3889","0","0","17.5698","16.528"
"11/10/2025 2:00","1.615","0.0067","1.2648","0","0","1.3755","0.6103","0","0","0","0","0","1.2256","1.3031","0","0","0","0","0","1.3658","0","0","0","1.3511","1.4068","0","0.0282","1.3446","0","0","0","0.0179","0","0","0","0","1.2286","0","0","0","0.0934","1.1128","0","0.0382","0","0","0","0.7242","0.0674","0.0147","0.0182","0","0.0284","0.6249","0","0.0214","0","0.3949","0","0.0175","18.8773","17.3"
"11/10/2025 12:00","1.4488","0.0035","1.2998","0","0","1.3634","0.6201","0","0","0","0","0","1.2151","1.3015","0","0","0","0","0","1.3363","0","0","0.0121","1.31","1.3259","0","0","1.2843","0","0.014","0","0","0","0","0","0","1.1727","0","0","0","0","1.0505","0","0","0","0","0","0.7085","0.0319","0","0","0","0.0256","0.5282","0","0.0151","0","0.3789","0","0.0233","17.8302","16.4695"
"11/11/2025 0:00","1.5894","0.0083","1.3135","0","0","1.346","0.6039","0","0","0","0","0","1.2242","1.2999","0","0","0","0","0","1.3532","0","0","0","1.3513","1.36","0","0","1.2831","0","0","0","0.0091","0","0","0.0298","0","1.3134","0","0","0","0.0601","1.1603","0","0.0359","0","0","0.0694","0.795","0.0545","0.0068","0","0.024","0","0.6549","0","0.0305","0","0.446","0.006","0.0329","18.7592","17.4614"
"11/12/2025 2:00","1.521","0.0181","1.2796","0","0","1.365","0.5904","0","0","0","0","0","1.2124","1.2938","0","0","0","0","0","1.308","0.0148","0","0","1.3235","1.3015","0","0.0161","1.2652","0","0","0","0","0","0","0","0","1.2395","0","0","0","0","1.0706","0","0.0324","0.0168","0","0.0657","0.7787","0.0256","0.0147","0","0.01","0.0314","0.6647","0","0","0","0.4839","0.0242","0.0186","18.3437","16.9862"
"11/13/2025 0:00","1.4755","0.0457","1.2673","0","0","1.3556","0.5899","0","0","0","0","0","1.1987","1.2956","0","0","0","0","0","1.3149","0","0","0","1.3165","1.3553","0","0","1.2631","0","0","0","0.0156","0","0","0","0","1.312","0","0","0","0.0464","1.2595","0.0242","0.0447","0","0","0.0319","0.8761","0.0576","0.0196","0","0","0.0298","0.788","0","0","0","0.5305","0.0391","0.0729","19.0498","17.626"
"11/14/2025 2:00","1.3029","0.0054","1.2604","0","0","1.3414","0.5797","0","0","0","0","0","1.1947","1.3064","0","0","0.0054","0","0","1.2652","0","0","0","1.2601","1.2821","0","0","1.2211","0","0","0","0.0046","0","0","0","0","1.1866","0","0","0","0","0.9949","0","0.0112","0.007","0","0.0273","0.7027","0","0","0","0.0095","0.0646","0.5851","0","0","0","0.359","0","0","17.2384","15.9773"
"11/15/2025 0:00","1.2947","0.0304","1.2759","0.0339","0","1.3267","0.6073","0","0","0","0","0","1.2188","1.3054","0","0","0","0","0","1.2731","0","0","0","1.2632","1.2843","0","0","1.2609","0","0","0","0.0131","0","0","0","0","1.2006","0","0","0","0","1.0818","0","0.0047","0","0","0","0.7996","0.0392","0.0091","0.007","0","0.0226","0.6328","0","0","0","0.4452","0","0.0098","17.547","16.4401"
"11/16/2025 2:00","1.4008","0","1.2833","0","0","1.3059","0.5837","0","0","0","0","0","1.2091","1.2699","0","0","0","0","0.0084","1.3091","0","0","0","1.2973","1.2849","0","0","1.2272","0","0","0","0","0.0128","0.0187","0.061","0","1.2055","0","0","0","0","1.1288","0.0152","0.0415","0","0","0.0345","0.8956","0.0506","0","0","0","0.0531","0.8124","0","0.0249","0.0049","0.5077","0","0","18.6654","17.0468"
"11/16/2025 3:00","1.3992","0","1.2486","0","0","1.301","0.6266","0","0","0","0","0","1.2058","1.2927","0","0","0","0","0","1.285","0","0","0","1.2956","1.3087","0","0","1.2433","0","0","0","0.0072","0","0","0","0","1.2397","0","0","0","0","1.1939","0.0266","0","0","0","0.0121","0.9737","0.0137","0","0.0081","0","0.0328","0.8711","0","0","0","0.6282","0.0373","0.0168","18.5317","17.2677"
"11/17/2025 13:00","1.3131","0","1.2884","0.0497","0","1.366","0.6113","0","0","0","0","0","1.2492","1.3344","0","0","0","0","0","1.3124","0","0","0","1.3079","1.3213","0","0","1.2772","0.0203","0.0135","0","0.0643","0","0","0","0","1.2169","0","0","0","0","1.1268","0","0.007","0","0","0.0788","0.9369","0.0201","0","0","0.0035","0.0305","0.7878","0","0","0.0056","0.5228","0.0067","0","18.971","17.2724"
"11/18/2025 2:00","1.313","0.0063","1.2943","0.0504","0","1.3614","0.6378","0","0","0","0","0","1.2121","1.3398","0","0","0","0","0","1.3158","0.0137","0","0","1.3187","1.2952","0","0","1.2519","0","0.0186","0","0","0.0158","0","0","0","1.192","0","0","0","0","1.1084","0","0","0.0161","0.0079","0","0.8672","0","0","0","0","0.0215","0.7437","0.006","0.0172","0","0.5093","0","0","18.5856","16.9341"
"11/19/2025 0:00","1.4124","0","1.2481","0","0","1.3193","0.5913","0","0.0063","0","0","0","1.2239","1.3021","0","0","0","0","0","1.2618","0","0","0","1.2381","1.2586","0","0","1.1868","0","0","0.0138","0.0095","0","0","0","0","1.2297","0","0.0175","0.0074","0.0173","1.1156","0","0.0042","0","0","0.0342","0.8754","0.0212","0","0","0","0.0098","0.7963","0","0.0513","0.0049","0.5198","0.0156","0","18.2436","16.7922"
"11/20/2025 2:00","1.4054","0","1.2483","0","0","1.3421","0.6189","0","0","0","0","0","1.1928","1.2599","0","0","0","0","0","1.2732","0","0","0","1.2645","1.2912","0","0","1.2912","0","0","0","0","0","0","0","0","1.2425","0","0","0","0","1.1049","0","0","0","0.0175","0.0412","0.8569","0.0208","0","0","0.0137","0.0396","0.7207","0.0203","0.0303","0","0.4749","0.0161","0.0158","18.4309","16.8027"
"11/21/2025 0:00","1.3414","0.0083","1.2627","0.0508","0","1.3358","0.6117","0","0","0","0","0","1.1968","1.2882","0","0","0","0","0","1.2606","0","0","0","1.2609","1.2948","0","0","1.2454","0","0","0","0","0.0121","0","0","0","1.2645","0","0","0","0","1.131","0","0.038","0","0","0.0279","0.8633","0","0","0","0.0107","0.0165","0.7269","0","0.0075","0","0.4643","0","0.0667","18.0847","16.7868"
"11/22/2025 2:00","1.6117","0","1.2502","0","0","1.3541","0.6009","0","0","0","0","0","1.2021","1.2873","0","0","0","0","0","1.2891","0","0","0","1.2906","1.2896","0","0","1.2772","0","0","0","0","0","0","0","0","1.3012","0","0","0","0.0152","1.1233","0","0.0263","0","0","0.0456","0.8264","0.0286","0","0","0","0.0594","0.7206","0","0","0","0.463","0.0166","0","18.7403","17.079"
"11/23/2025 0:00","1.5474","0","1.2759","0.0543","0","1.3574","0.6452","0","0","0","0","0","1.2158","1.3003","0","0","0","0","0","1.3458","0.0135","0","0","1.3358","1.3546","0","0","1.2693","0","0.0459","0","0","0","0","0","0","1.263","0","0","0","0","1.0841","0","0.0315","0","0.0117","0.028","0.787","0.0333","0","0","0","0.0571","0.722","0","0.0256","0","0.4327","0","0.0112","18.6051","17.2484"
"11/23/2025 1:00","1.573","0","1.275","0.0501","0","1.3704","0.6308","0","0","0","0","0","1.2263","1.3296","0","0","0","0","0","1.3036","0","0","0","1.3173","1.3087","0","0","1.2616","0.0201","0","0","0","0","0","0","0","1.2288","0","0","0","0","1.0727","0","0","0.0166","0","0","0.8054","0.0138","0","0","0","0.0237","0.709","0","0.0159","0","0.4853","0","0","18.2849","17.0377"
"11/24/2025 2:00","1.449","0","1.2516","0","0","1.3124","0.6306","0","0","0","0","0","1.2283","1.2683","0","0","0","0","0","1.2755","0","0","0","1.2768","1.2756","0","0.0144","1.2307","0","0","0","0","0","0","0","0","1.209","0","0","0","0","1.0512","0.0124","0","0","0","0.0182","0.7805","0.0235","0.0053","0","0.0194","0.0258","0.6424","0","0","0","0.3781","0","0","17.2623","16.379"
"11/25/2025 0:00","1.3423","0","1.259","0","0","1.3423","0.6038","0","0","0","0","0","1.2212","1.305","0","0","0","0","0.0165","1.3499","0.0169","0","0","1.2806","1.3076","0","0","1.2384","0","0","0","0","0","0","0","0","1.2171","0","0","0","0","1.0417","0","0","0","0","0.0214","0.7596","0.0266","0","0.0219","0.0179","0.0361","0.6619","0","0","0","0.4066","0","0","17.7609","16.4943"
"11/26/2025 2:00","1.6693","0","1.2699","0.0696","0","1.3868","0.6136","0","0","0","0","0.0137","1.2506","1.3149","0","0","0","0","0","1.3959","0.0165","0","0","1.3672","1.3323","0","0","1.3204","0","0","0","0","0","0","0","0","1.1589","0","0","0","0","0.9909","0","0.0391","0","0","0","0.6272","0.0198","0.0044","0","0","0.0212","0.5098","0","0","0","0.2973","0.0149","0","17.8906","16.7042"
"11/27/2025 0:00","1.5987","0","1.284","0.0376","0","1.3634","0.6393","0","0","0","0","0","1.2235","1.2954","0","0","0","0","0","1.3219","0","0","0","1.2875","1.3073","0","0","1.2912","0","0","0","0.0138","0","0","0","0","1.2425","0","0","0","0.045","1.0713","0.0072","0.0606","0.0058","0","0.02","0.6719","0.0196","0","0.0081","0","0.006","0.5715","0.0221","0","0","0.3789","0.0061","0","18.2169","16.8002"
"11/28/2025 2:00","1.5974","0","1.272","0","0","1.3433","0.6053","0.0116","0","0","0","0","1.2168","1.2838","0","0","0","0","0","1.3121","0","0","0","1.3175","1.2952","0","0","1.2619","0","0","0","0","0","0","0","0","1.1848","0","0","0","0","1.0126","0","0.0279","0","0","0.024","0.6764","0.0049","0","0","0","0.0394","0.5447","0","0.02","0","0.3425","0","0","17.7331","16.3941"
"11/29/2025 0:00","1.3377","3.4272","1.2492","0","0","1.2544","1.0176","0","0.0945","0","0","0.3098","1.5753","1.307","0","0.0692","0","0","0.0193","1.2662","0.0158","0.0169","0","1.2757","1.2169","0.0871","0.0687","0.9637","0","0","0","0.0923","0","0","0.0489","0","1.2351","0","0","0","0.0343","1.1489","0.0322","0.0096","0","0","0.0874","1.0566","0","0.1983","0","0","0.6081","1.0627","0","0","0","0.8273","0","0.1543","31.5026","23.1682"
"11/30/2025 2:00","1.4669","1.6087","1.1991","0","0","1.2808","0.7268","0.0177","0","0","0","0.0873","1.2815","1.3075","0","0.0471","0","0","0.0104","1.2785","0.0156","0","0","1.2539","1.206","0","0","1.1967","0","0","0.0394","0.0098","0","0","0","0","1.2221","0","0","0","0.0329","1.2724","0.0312","0","0","0","0","1.0608","0.0858","0.0098","0.0212","0.0147","0.329","1.0666","0","0.0208","0.0258","0.7661","0","0.0706","23.8894","20.0635"
"11/30/2025 3:00","1.421","1.7814","1.2497","0","0","1.2198","0.7686","0","0.0297","0","0","0.0253","1.5895","1.3133","0","0.042","0","0","0","1.2836","0.0318","0","0","1.2688","1.2365","0","0","1.2295","0","0","0","0","0","0","0","0","1.2603","0.0158","0","0","0","1.2563","0.0855","0.0237","0","0.0098","0","1.1489","0","0.0538","0","0.0254","0.2903","1.2169","0.0149","0.0631","0","0.8544","0","0","25.255","20.8096"
"12/01/2025 0:00","1.5197","1.3101","1.3846","0","0","1.4538","0.8192","0","0.0252","0","0","0","1.4507","1.5482","0","0.0252","0","0","0","1.4692","0","0","0","1.4826","1.3493","0","0","1.3262","0","0","0","0.0109","0","0","0","0","1.355","0","0","0","0","1.2812","0","0.0094","0","0","0.0567","1.1719","0.0052","0","0","0","0.0868","1.0633","0","0","0.0169","0.7841","0","0.0571","23.542","21.0625"
"12/02/2025 2:00","1.7859","0.9776","1.4218","0","0","1.5209","0.796","0","0","0","0","0","1.4715","1.5503","0","0.0335","0","0.0131","0","1.4778","0.0328","0.022","0","1.4787","1.3811","0","0","1.35","0","0","0","0","0","0.0175","0","0","1.4062","0","0","0","0","1.3467","0","0.0068","0.0181","0.0054","0.0287","1.1337","0.0207","0.0062","0","0.0257","0.0579","1.0569","0","0","0","0.7001","0","0.0356","23.2769","21.1792"
"12/03/2025 0:00","1.5211","0.736","1.3707","0","0","1.5078","0.7268","0","0","0","0","0","1.431","1.538","0","0.0226","0","0","0.0105","1.4688","0","0","0","1.4507","1.3819","0","0","1.3936","0.0414","0","0","0.0101","0","0","0","0","1.3753","0","0","0","0","1.3298","0.0123","0","0","0","0.1091","1.1731","0.0297","0","0","0","0.0153","0.9942","0.0074","0","0","0.7771","0","0.0183","22.6198","20.4526"
"12/04/2025 2:00","1.6905","0.602","1.3668","0","0","1.5384","0.7395","0.0252","0.022","0","0","0","1.4877","1.5638","0.015","0.0123","0","0","0","1.4663","0","0","0","1.4938","1.3767","0","0","1.3431","0","0","0","0.0054","0","0.0137","0","0","1.3751","0","0","0","0.03","1.2804","0","0.0255","0.0082","0","0","1.0804","0.0068","0","0","0","0.0066","0.959","0.0147","0.0111","0","0.6995","0","0.05","22.2136","20.3095"
"12/05/2025 0:00","1.5786","0.5068","1.3883","0","0","1.5088","0.7541","0","0","0","0","0","1.4518","1.5398","0","0","0","0","0","1.4589","0.0154","0","0","1.4606","1.3926","0","0","1.3809","0","0","0","0.0165","0","0","0","0","1.4464","0","0","0","0","1.3244","0.0149","0","0","0","0.0432","1.1303","0","0","0","0","0.0505","1.0092","0","0.0167","0","0.7698","0","0.0155","22.0046","20.274"
"12/06/2025 2:00","1.4571","0.4247","1.4224","0","0","1.5285","0.678","0","0","0","0","0","1.4331","1.546","0","0","0","0","0","1.4573","0.0121","0","0","1.4663","1.3889","0","0","1.3491","0","0","0","0.0211","0","0","0","0.0151","1.3781","0","0","0","0","1.361","0","0","0","0","0.0324","1.1329","0.0617","0.0191","0","0","0.0328","0.9881","0","0.0297","0","0.7483","0","0","21.6522","19.9838"
"12/07/2025 0:00","1.7504","0.4483","1.3358","0","0","1.4994","0.6936","0","0","0","0","0","1.4641","1.5328","0","0","0","0","0","1.455","0","0","0","1.4717","1.4436","0","0.0213","1.3775","0","0","0","0","0","0","0","0","1.3457","0","0","0","0","1.3118","0","0.0342","0","0","0","1.1075","0.09","0.0233","0","0","0.0183","1.071","0","0","0","0.7664","0.0314","0.0436","22.1012","20.3367"
"12/07/2025 1:00","1.8257","0.4815","1.3356","0","0","1.5117","0.7383","0","0","0","0","0","1.4647","1.5673","0","0","0","0","0","1.5033","0","0","0","1.494","1.3988","0","0","1.3881","0","0","0","0","0","0","0","0.0231","1.43","0","0","0","0","1.4056","0.0187","0.0249","0","0","0.0352","1.2243","0.0273","0.0191","0.0249","0","0.0565","1.1825","0","0.0153","0","0.8681","0","0.0213","22.923","21.0858"
"12/08/2025 2:00","1.5365","0","1.4577","0","0","1.5298","0.7106","0","0","0","0","0","1.4565","1.5536","0","0","0","0","0","1.5029","0","0","0","1.4686","1.4103","0","0","1.4374","0","0","0","0.0623","0.0094","0.008","0.0277","0.0092","1.364","0.0092","0.0058","0","0","1.2955","0","0","0","0","0.073","1.0587","0.0501","0.0058","0","0","0.0503","0.9902","0","0","0","0.674","0","0.0822","22.677","19.8393"
"12/09/2025 0:00","1.6669","0","1.3732","0","0","1.4943","0.7229","0.0181","0","0","0","0.0039","1.4331","1.492","0","0","0","0","0","1.4867","0","0","0","1.4659","1.3694","0","0","1.3823","0","0.0173","0","0.0171","0.0189","0","0.0072","0.0117","1.3598","0","0","0.0189","0.0153","1.3212","0","0","0","0","0.0601","1.1023","0","0","0","0.0195","0.0398","1.0374","0","0.0306","0","0.7409","0","0.0655","22.8693","19.7922"
"12/10/2025 2:00","1.7434","0","1.3906","0","0","1.5255","0.7081","0","0.0168","0","0.0119","0","1.4337","1.5006","0","0","0","0","0","1.4715","0","0","0","1.4639","1.4018","0","0","1.351","0","0","0","0.0094","0.0161","0.0092","0.0072","0.0127","1.408","0","0","0","0.0199","1.3628","0","0.0525","0","0","0.0987","1.1009","0.0623","0.0324","0.0655","0.0117","0.0557","1.0131","0","0.0247","0","0.6814","0.0092","0.0862","22.8427","20.1584"
"12/11/2025 0:00","1.6045","0","1.3777","0","0","1.5074","0.7321","0","0.009","0","0","0","1.4427","1.493","0","0","0","0","0.0277","1.4957","0","0","0.0117","1.5096","1.3632","0","0","1.402","0","0","0","0","0.0078","0.0223","0.0022","0.0064","1.3678","0.0117","0","0","0.0125","1.405","0.0225","0","0","0","0.0332","1.1037","0","0","0.0267","0","0.0563","0.9777","0","0.0291","0","0.7114","0","0.0137","22.5056","19.7863"
"12/12/2025 2:00","1.7742","0.3171","1.3828","0","0","1.5236","0.6936","0","0.0072","0","0","0","1.4587","1.5094","0","0.0035","0","0","0","1.4787","0.0144","0","0","1.4661","1.3897","0","0","1.4004","0","0","0","0.0133","0.0094","0","0.005","0","1.3723","0.0048","0.0111","0.0096","0.0145","1.3897","0.0094","0.0476","0","0","0.154","1.0989","0.0129","0","0.0068","0","0.0579","1.0344","0","0","0.0251","0.8422","0","0.1057","23.5223","20.644"
"12/13/2025 0:00","1.8036","0.3354","1.4317","0","0","1.5458","0.6972","0","0","0","0","0","1.4411","1.5289","0","0","0","0.0174","0","1.4596","0.0135","0","0","1.4801","1.41","0.0265","0","1.4273","0","0","0","0","0","0.0125","0.0084","0.0028","1.3912","0.0056","0","0.0052","0","1.3106","0.0149","0.0277","0","0","0","1.085","0","0","0","0","0.03","1.0683","0","0.0336","0.0094","0.7252","0.0374","0.0113","23.4098","20.3972"
"12/14/2025 2:00","2.055","0.3175","1.3974","0","0","1.5525","0.7118","0","0","0","0","0","1.4544","1.5103","0","0","0","0","0","1.4873","0","0.0041","0.0029","1.4563","1.4201","0","0","1.3389","0","0","0","0","0","0.0121","0.0078","0.0167","1.4687","0.0062","0.0074","0.0336","0.0553","1.3932","0","0.082","0.0133","0","0.0462","1.0836","0.0464","0","0.0191","0","0.041","1.0728","0","0","0","0.7224","0.0191","0.0161","23.4637","20.8715"
"12/14/2025 3:00","2.063","0","1.3627","0.0177","0","1.5016","0.7662","0.0263","0","0","0","0","1.5008","1.5345","0","0","0","0","0.0057","1.5269","0","0","0","1.499","1.4406","0","0","1.4153","0","0","0","0.0086","0","0","0.0094","0","1.4165","0.0082","0.0127","0","0.0231","1.4241","0","0","0","0","0","1.1375","0.0062","0.0275","0","0","0.0422","1.0657","0","0","0","0.8062","0","0","22.8878","20.6482"
"12/15/2025 0:00","1.7248","0.2391","1.4343","0","0","1.5273","0.6763","0","0","0","0","0","1.4865","1.5189","0","0","0","0","0","1.5053","0.0211","0","0","1.483","1.4388","0.0478","0","1.3546","0.0139","0","0","0.0247","0.0285","0","0.0135","0.0066","1.3761","0.0245","0.0125","0.0283","0.009","1.2886","0","0","0.0145","0.008","0.0424","1.1007","0.0316","0.0227","0","0","0.044","1.0285","0","0","0","0.7294","0","0.0265","23.0041","20.3323"
"12/16/2025 4:00","1.7654","0.2326","1.3758","0","0","1.5113","0.7077","0","0","0","0","0","1.4641","1.494","0","0","0","0","0","1.4793","0","0","0","1.4573","1.3891","0","0.0436","1.3682","0","0","0","0.0137","0.0131","0.0062","0.0147","0.0281","1.3582","0","0","0.0167","0","1.2943","0","0","0","0","0.0291","1.0466","0.0384","0","0.0241","0.0107","0.0354","1.0271","0.0137","0.0044","0","0.6981","0.0165","0.0101","22.8697","19.9876"
"12/17/2025 0:00","1.6792","0.2268","1.4698","0","0","1.5437","0.6919","0","0","0","0","0","1.5103","1.5318","0","0","0","0","0","1.4926","0","0","0","1.478","1.3791","0","0","1.4133","0","0","0","0","0.0125","0","0.0145","0.0245","1.4173","0.035","0","0.035","0.0115","1.3083","0","0.0464","0","0.0139","0.0237","1.08","0.0675","0","0.01","0","0.0392","1.1077","0.0295","0.0368","0","0.71","0.009","0.0706","23.4831","20.5194"
"12/18/2025 2:00","1.5913","0.1851","1.3352","0","0","1.5222","0.7028","0","0","0","0","0","1.4713","1.5154","0","0","0","0","0.0086","1.5084","0.0029","0","0","1.5101","1.406","0","0.0366","1.3719","0","0.0169","0","0","0","0.0171","0.0062","0.0269","1.3335","0.007","0","0.0127","0","1.2621","0.0092","0.0177","0","0","0.1011","1.0302","0","0.0088","0","0","0.07","0.9721","0","0","0","0.6249","0","0.043","22.7023","19.7272"
"12/19/2025 0:00","1.4823","0.202","1.3793","0","0","1.4803","0.6796","0.0267","0","0","0","0","1.4438","1.4741","0","0","0","0","0.0076","1.4856","0","0","0","1.4419","1.3743","0","0.0119","1.3491","0.0269","0.0665","0","0","0.0074","0.0038","0.0159","0.0167","1.3393","0.0068","0.003","0.0151","0","1.2084","0","0","0","0","0.0474","0.961","0.0062","0","0","0","0.0382","0.8155","0","0","0","0.5168","0","0","21.3425","18.9334"
"12/20/2025 2:00","1.5289","0.1609","1.4454","0","0","1.5372","0.6667","0","0","0","0","0","1.4282","1.5285","0","0","0.0068","0","0.0144","1.4893","0","0","0","1.4947","1.4038","0","0.0283","1.361","0","0","0","0.0046","0.0209","0.0123","0.0237","0.0179","1.3594","0.0113","0.0062","0.0105","0.0143","1.3039","0.0623","0","0","0","0.0603","1.1381","0","0","0","0","0.0253","0.9819","0.0052","0.0153","0","0.7226","0","0.0125","22.5199","19.9026"
"12/21/2025 0:00","1.6476","0.1786","1.353","0","0","1.5413","0.6656","0.0209","0","0","0","0","1.4419","1.4928","0","0","0","0","0","1.4764","0.0117","0","0","1.4661","1.3719","0","0.0137","1.3395","0","0","0.0428","0","0","0.009","0.0094","0.0263","1.3594","0.0078","0.0135","0.0111","0","1.3427","0","0","0","0","0.0482","1.0925","0.0115","0.03","0","0.0171","0.0386","1.006","0","0.0098","0.0215","0.7033","0.0107","0.0237","22.3636","19.8559"
"12/21/2025 1:00","1.5963","0.1587","1.3578","0.039","0","1.5185","0.6888","0","0","0","0","0","1.47","1.5491","0","0","0","0","0","1.4899","0","0","0","1.5505","1.3813","0","0","1.4295","0","0","0","0.0064","0.0115","0.0129","0","0.0197","1.4517","0","0.007","0.0121","0.0056","1.3773","0.0096","0.0322","0.0169","0","0","1.2382","0","0","0","0","0.032","1.1703","0","0","0","0.8802","0.0185","0","23.1357","20.5315"
"12/22/2025 2:00","1.4653","0.1474","1.3485","0","0","1.4895","0.6956","0","0","0","0","0","1.4495","1.5117","0","0","0","0","0","1.4571","0.0084","0","0","1.4612","1.3707","0","0","1.4583","0","0","0","0","0","0.0064","0.036","0","1.3692","0","0.0229","0","0.0179","1.3701","0","0","0","0.0271","0","1.1059","0","0","0","0","0.0318","0.955","0","0","0","0.7045","0","0","22.4293","19.51"
"12/23/2025 0:00","1.5211","0.1115","1.3754","0.0234","0","1.5234","0.6607","0","0","0","0","0.006","1.4715","1.5109","0","0","0","0","0","1.4895","0.0076","0","0","1.4606","1.4086","0","0","1.472","0.0283","0","0","0.0165","0.0314","0","0","0","1.3662","0","0","0","0","1.3136","0","0","0","0","0","1.0318","0.0211","0","0.0096","0.0135","0.0816","0.9319","0","0","0","0.5833","0","0","22.3644","19.471"
"12/24/2025 2:00","1.4885","0.1248","1.4204","0","0","1.5599","0.6876","0.0296","0","0","0","0","1.4286","1.4973","0","0","0","0","0","1.4493","0","0","0","1.4475","1.3972","0.0235","0","1.3938","0.0199","0","0","0.0185","0","0.008","0.0663","0.0187","1.3739","0.0076","0","0.0201","0","1.4291","0","0","0","0","0","1.0253","0","0","0","0","0.0098","0.8573","0","0","0","0.5867","0.0054","0","22.0157","19.3946"
"12/25/2025 0:00","1.421","0.1293","1.4278","0","0","1.523","0.6392","0","0","0","0","0","1.421","1.4975","0","0","0","0","0","1.4745","0","0","0","1.4489","1.4094","0.0096","0","1.4135","0.0151","0","0","0","0","0","0.0211","0","1.3574","0.0295","0","0","0.0235","1.3104","0","0","0","0","0.032","1.1427","0","0","0.0121","0","0","1.0261","0.007","0","0","0.7298","0","0","22.7112","19.5214"
"12/26/2025 2:00","0.0532","0.1147","0","0","0","0","0","0","0","0","0","0","0","0","0","0","0","0","0","0","0","0","0","0","0","0","0","0","0","0","0.0527","0","0","0","0.0105","0","0.0318","0","0","0.0412","0","0.0764","0","0","0","0","0","0","0.0279","0.0103","0","0","0.0607","0","0","0.0163","0","0","0","0","2.7877","0.4957"
"12/26/2025 12:00","1.5078","0.1063","1.3984","0","0","1.5238","0.6486","0","0","0","0","0","1.4456","1.4778","0","0","0","0","0.0105","1.4928","0","0","0","1.5216","1.3922","0","0","1.4265","0","0.0571","0.0267","0","0.0271","0.0101","0.0492","0","1.35","0","0","0","0","1.2929","0","0","0","0","0","1.121","0","0","0","0","0.0316","0.8856","0","0","0.0211","0.6103","0","0","22.4531","19.4346"
"12/27/2025 0:00","1.4975","0.0952","1.4124","0","0","1.4961","0.6841","0.0144","0","0","0","0","1.4394","1.4776","0","0","0","0","0","1.4877","0.0096","0","0","1.4721","1.4006","0.0611","0","1.3439","0","0","0","0","0.0418","0","0.0103","0","1.4115","0.0384","0","0","0","1.4215","0","0","0","0","0","1.0945","0","0","0","0","0.0299","1.0239","0","0","0","0.6987","0.0141","0","22.2751","19.6763"
"12/28/2025 2:00","1.5125","0.1262","1.407","0","0","1.4501","0.6962","0","0","0","0","0","1.5261","1.5008","0","0","0","0","0.0062","1.5082","0","0","0","1.445","1.3893","0","0","1.3902","0","0","0","0.0149","0","0.0277","0","0","1.3485","0","0.0082","0.0143","0","1.365","0","0","0","0","0","1.043","0","0","0","0","0.0322","0.9353","0","0","0","0.593","0","0","21.4161","19.3399"
"12/28/2025 3:00","1.5372","0.1962","1.4054","0","0","1.5172","0.6747","0","0","0","0","0","1.4936","1.5257","0","0","0","0","0","1.514","0.0123","0","0","1.5043","1.4386","0","0","1.4925","0","0.0215","0","0","0","0.0044","0","0.0279","1.4297","0.0139","0","0","0.0098","1.4107","0","0","0.0074","0","0","1.1849","0","0.0111","0","0","0.0418","1.0579","0","0.0316","0.0336","0.714","0","0","22.8335","20.3119"
"12/29/2025 0:00","1.6221","0.1055","1.3773","0","0","1.5213","0.7287","0","0","0","0","0","1.5232","1.5298","0","0","0","0","0","1.5388","0.0031","0","0","1.5298","1.4263","0","0","1.4571","0","0","0","0","0.0066","0","0","0","1.445","0","0","0.0167","0","1.3124","0","0.0501","0","0","0.0336","0.9881","0","0","0","0","0.0529","0.8595","0","0","0","0.5093","0","0","21.7034","19.6372"
"12/30/2025 2:00","1.8354","0.0889","1.4027","0","0","1.5271","0.7139","0.0252","0","0","0","0","1.539","1.5265","0.0107","0","0","0","0","1.5174","0","0","0","1.5185","1.4748","0","0","1.5128","0","0","0.0149","0","0.0125","0","0.035","0","1.444","0.0165","0","0","0.0382","1.4006","0","0.0535","0","0","0","1.0494","0.0247","0.0078","0","0.0189","0","0.9019","0.0275","0.0364","0","0.5491","0","0.0056","23.1711","20.3294"
"12/31/2025 0:00","1.8994","0.1256","1.3873","0","0","1.5702","0.7237","0","0","0","0","0","1.5181","1.5238","0","0","0","0","0","1.5328","0.0162","0","0","1.5246","1.4466","0.0394","0.0157","1.4834","0","0","0.0255","0","0.0111","0","0","0","1.4137","0.0221","0","0.0384","0.0595","1.4207","0","0.0529","0","0","0.0078","1.076","0","0.033","0.0229","0","0.0496","0.966","0","0","0","0.6503","0.0169","0","23.5857","20.6732"
"01/01/2026 2:00","1.813","0.1268","1.3906","0","0","1.4893","0.6712","0","0","0","0","0","1.4419","1.5302","0","0","0","0","0","1.5012","0.0205","0","0","1.4912","1.3652","0","0","1.3825","0","0","0","0","0","0","0","0.031","1.4639","0","0","0.03","0","1.3298","0","0.0221","0","0","0.0316","1.1254","0.0726","0","0","0.0326","0","1.0302","0","0","0","0.7043","0.0217","0.0535","21.2843","20.1723"
"01/02/2026 0:00","1.5956","0.1016","1.3807","0.055","0","1.4947","0.6615","0","0","0","0","0","1.4253","1.4951","0","0","0","0","0","1.4544","0","0","0","1.4735","1.4233","0","0","1.392","0.0633","0","0","0","0","0","0","0","1.366","0","0","0","0","1.2993","0","0.0372","0","0","0","1.1359","0.0714","0.0219","0","0.0273","0","1.0342","0","0","0","0.7459","0","0","20.893","19.7551"
"01/03/2026 2:00","1.5261","0.0815","1.413","0","0","1.5267","0.6656","0","0","0","0","0","1.4329","1.4895","0","0","0","0","0","1.4606","0","0","0","1.4647","1.3572","0","0","1.4149","0","0","0","0","0","0.0207","0","0","1.3401","0","0","0","0","1.3003","0","0","0","0","0","1.1809","0.0312","0","0","0","0.044","1.0911","0","0","0","0.7652","0","0.0575","21.0775","19.6637"
"01/04/2026 0:00","1.4464","0.0733","1.3746","0.056","0","1.4953","0.6644","0","0","0","0","0","1.4204","1.4906","0","0","0","0","0","1.4776","0","0","0","1.4686","1.3753","0","0","1.3439","0","0","0","0","0","0","0","0","1.3427","0","0","0","0","1.3288","0","0","0","0","0.0563","1.1495","0.0746","0.0225","0","0","0.0271","0.9745","0","0","0","0.7081","0.0211","0","20.6156","19.3916"
"01/04/2026 1:00","1.4678","0.0891","1.4409","0.0532","0","1.5433","0.671","0","0","0","0","0","1.4674","1.5318","0","0","0","0","0","1.4965","0","0","0","1.5275","1.4488","0","0","1.4599","0","0","0","0","0","0","0","0.0318","1.4665","0","0","0","0","1.4444","0","0","0","0","0","1.2269","0.0324","0","0","0","0","1.1234","0","0.033","0","0.849","0","0","21.4887","20.4046"
"01/05/2026 2:00","1.477","0.0926","1.3526","0.046","0","1.5016","0.6496","0","0","0","0","0","1.4489","1.4936","0","0","0","0","0","1.4624","0","0","0","1.447","1.4064","0","0","1.4096","0","0","0","0","0","0","0","0","1.3556","0","0","0","0","1.356","0","0","0","0.0201","0","1.1481","0.0219","0","0","0.0308","0.0354","1.0163","0","0","0","0.7459","0","0","20.6414","19.5174"
"01/06/2026 0:00","1.5782","0.1043","1.4074","0","0","1.5437","0.6876","0","0","0","0","0","1.4286","1.5092","0","0","0","0","0","1.4645","0","0","0","1.4487","1.3648","0","0","1.3797","0","0","0","0","0","0","0","0","1.3678","0","0","0","0","1.2868","0","0","0","0","0.0376","1.1375","0","0","0","0","0","1.0183","0","0.0466","0","0.6778","0","0","20.5563","19.4891"
"01/07/2026 2:00","1.5335","0.1112","1.4056","0","0","1.5172","0.6289","0","0","0","0","0","1.4228","1.5193","0","0","0","0","0","1.486","0","0","0","1.4657","1.3936","0","0","1.3672","0","0","0","0","0","0","0","0","1.3152","0","0","0","0","1.2223","0","0","0","0","0","1.0681","0","0","0","0","0.0235","0.8876","0","0.0332","0","0.603","0","0","20.2706","19.0039"
"01/08/2026 0:00","1.5503","0.0967","1.3397","0","0","1.4651","0.6739","0","0","0","0","0","1.4128","1.4922","0","0","0","0","0","1.4598","0","0","0","1.4399","1.3899","0","0","1.395","0","0","0","0","0","0","0","0","1.3713","0","0","0","0","1.3359","0.0233","0","0","0","0.0233","1.0894","0","0.0271","0","0.0382","0.0231","0.9534","0","0","0","0.6834","0","0.0265","20.7643","19.3102"
"01/09/2026 2:00","1.4883","0.0759","1.3606","0","0","1.5047","0.6915","0","0","0","0","0","1.4507","1.4875","0","0","0","0","0","1.4674","0","0","0","1.4553","1.3757","0","0.0398","1.3895","0","0","0","0","0","0","0","0","1.3196","0","0","0","0","1.24","0","0","0","0","0.0438","0.9994","0","0","0","0","0.0354","0.8338","0","0","0","0.5361","0","0","19.6968","18.795"
"01/10/2026 0:00","1.6761","0.0653","1.3953","0.0499","0","1.486","0.6952","0","0","0","0","0","1.4828","1.4846","0","0","0","0","0","1.5037","0","0","0","1.522","1.3835","0","0","1.3449","0","0","0.0271","0","0","0","0","0","1.3548","0","0","0","0","1.2697","0","0","0","0.0338","0","0.9526","0.0251","0.0227","0","0","0.0454","0.8024","0","0","0","0.4754","0","0","20.1233","19.0983"
"01/11/2026 2:00","1.665","0.0928","1.4144","0.0441","0","1.5394","0.705","0","0","0","0","0","1.4945","1.4963","0","0","0","0","0","1.5078","0","0","0","1.5027","1.4724","0","0","1.4028","0","0","0","0","0","0","0","0","1.393","0","0","0","0","1.2844","0","0","0","0","0","1.0259","0","0","0","0","0.0366","0.8535","0","0.0338","0","0.511","0","0","20.3943","19.4754"
"01/11/2026 3:00","1.8791","0.0579","1.3541","0","0","1.5901","0.7371","0","0","0","0","0","1.5273","1.5351","0","0","0","0","0","1.5528","0.0248","0","0","1.5166","1.4464","0.0533","0.047","1.4261","0","0","0","0","0","0","0","0","1.392","0","0","0.0223","0","1.3317","0","0","0","0.0322","0.0283","1.0265","0","0","0","0","0.0199","0.9652","0","0.0235","0","0.5658","0","0","21.1525","20.1551"
"01/12/2026 0:00","1.8093","0.0796","1.4037","0","0","1.5304","0.6849","0","0","0","0","0","1.5103","1.5064","0","0","0","0","0","1.5123","0","0","0","1.4994","1.4402","0","0","1.4249","0","0","0","0","0","0","0","0","1.4834","0","0","0","0","1.3023","0","0.0267","0","0","0","1.0551","0","0","0","0","0.0362","0.9395","0.0207","0.0231","0","0.5998","0","0.0215","21.3366","19.9097"
"01/13/2026 2:00","1.7518","0.0462","1.4778","0.0413","0","1.5525","0.6952","0","0","0","0","0","1.4934","1.5111","0","0","0","0","0","1.5043","0","0","0","1.5361","1.4183","0","0","1.4436","0","0","0","0","0","0","0","0","1.3731","0","0","0","0","1.3188","0","0","0","0","0","1.0211","0.039","0","0","0","0.0275","0.8394","0","0","0","0.5735","0","0","20.5557","19.664"
"01/14/2026 0:00","1.6804","0","1.3619","0","0","1.5269","0.6849","0","0","0","0","0","1.4741","1.5195","0","0","0","0","0","1.4805","0.0324","0","0","1.4883","1.4354","0","0.0503","1.4722","0","0","0","0","0","0","0","0","1.4348","0","0.0336","0","0.0406","1.2909","0","0.0237","0","0","0","1.0858","0","0","0.0231","0.0239","0.0454","0.9457","0","0.0277","0","0.6511","0","0","21.3582","19.8331"
"01/15/2026 2:00","1.8972","0.0501","1.3768","0","0","1.5425","0.7377","0","0","0","0","0","1.4908","1.5226","0","0","0","0","0","1.515","0","0","0","1.4869","1.4147","0","0","1.3783","0","0","0","0","0","0","0","0","1.4167","0","0.0243","0","0","1.3853","0","0.0613","0","0","0","1.0681","0.0388","0","0","0","0.0287","0.9686","0","0.0306","0","0.6084","0","0.041","21.2308","20.0844"
"01/16/2026 0:00","1.8454","0.062","1.3701","0","0","1.5727","0.6972","0","0","0","0","0","1.4949","1.5252","0","0","0","0","0","1.5012","0.0207","0","0","1.4867","1.4209","0","0","1.3906","0.0241","0","0","0","0","0","0","0","1.5208","0","0","0","0.0279","1.3495","0","0.045","0","0","0","1.0844","0.0466","0","0","0","0.0326","0.954","0","0","0","0.6322","0.0225","0","21.317","20.1272"
"01/17/2026 2:00","1.8403","0.1034","1.421","0","0","1.5486","0.734","0","0","0","0","0","1.5094","1.5092","0","0","0","0","0","1.525","0","0","0","1.5131","1.4082","0","0","1.488","0","0","0","0","0","0","0","0","1.4016","0","0","0","0","1.3421","0","0.0565","0","0","0","0.9994","0","0","0.0382","0.0205","0.0615","0.962","0","0","0","0.5467","0","0","20.7798","20.0287"
"01/18/2026 0:00","1.75","0.048","1.303","0","0","1.5626","0.672","0.0357","0","0","0","0","1.4877","1.4871","0","0","0","0","0","1.5351","0","0","0","1.4795","1.4008","0","0.0432","1.3729","0","0","0","0","0","0","0","0","1.3423","0","0","0","0","1.2828","0","0.0523","0","0","0","1.0308","0","0","0","0","0.0334","0.9089","0","0","0","0.5371","0","0","20.6011","19.3652"
"01/18/2026 1:00","1.7707","0","1.4091","0.0435","0","1.5378","0.7196","0","0","0","0","0","1.5162","1.5357","0","0","0","0","0","1.5117","0","0","0","1.5517","1.4155","0","0","1.4151","0","0","0","0","0","0","0","0","1.3944","0","0","0","0.0225","1.405","0","0","0","0","0.0255","1.0354","0.0496","0.0326","0","0","0","0.9343","0","0","0","0.5618","0","0","20.8842","19.8877"
"01/19/2026 2:00","1.8378","0.072","1.4356","0","0","1.5162","0.7163","0","0","0","0","0","1.4955","1.4943","0","0","0","0","0","1.5023","0","0","0","1.4961","1.4444","0","0","1.4024","0","0","0","0","0","0","0","0","1.4645","0","0","0","0","1.3047","0","0.0659","0","0","0","1.0263","0.0563","0","0","0","0","0.878","0","0","0","0.5733","0","0","20.6648","19.7819"
"01/20/2026 0:00","1.7826","0.0474","1.2863","0","0","1.5148","0.6923","0","0","0","0","0","1.4887","1.4869","0","0","0","0","0","1.5025","0","0","0","1.4998","1.4328","0","0","1.3813","0","0","0","0","0.038","0","0.0273","0","1.4519","0","0","0","0.0362","1.3309","0","0","0","0","0.0496","1.0354","0.04","0","0","0.0205","0.0386","0.8901","0","0.0263","0","0.5745","0.0364","0.0261","20.5614","19.7372"
"01/21/2026 2:00","1.8434","0.0283","1.3422","0","0","1.5138","0.704","0.0255","0","0","0","0","1.4772","1.4688","0","0","0","0","0","1.5474","0","0","0","1.4938","1.4213","0","0","1.403","0","0","0","0","0.0302","0","0","0","1.5292","0","0","0","0","1.3359","0","0.0344","0","0","0","1.0585","0","0","0.0334","0","0.0289","0.8836","0","0","0","0.5405","0.0243","0","20.5041","19.7676"
"01/22/2026 0:00","1.7839","0.0751","1.4555","0","0","1.507","0.7069","0","0","0","0","0","1.4875","1.4776","0","0","0","0","0","1.5144","0","0","0","1.4756","1.3899","0","0","1.3972","0","0","0","0","0","0","0","0","1.3934","0","0","0","0.0513","1.3777","0.043","0","0","0","0.0211","1.0505","0.0366","0","0","0","0.0221","0.9286","0","0.0229","0","0.5807","0.0384","0.0667","21.4467","19.9036"
"01/23/2026 2:00","2.0164","0.0815","1.3939","0","0","1.5277","0.6841","0.0273","0","0","0","0","1.4949","1.506","0","0","0","0","0","1.5096","0","0","0","1.5021","1.4155","0","0","1.4201","0","0","0","0","0","0.0215","0","0","1.4151","0.0432","0","0.0297","0","1.317","0","0.0291","0","0","0","1.0076","0.0338","0","0","0","0.0213","0.8917","0","0.0219","0","0.5586","0","0","21.3287","19.9696"
"01/24/2026 0:00","1.5901","0.0686","1.3859","0","0","1.5287","0.6782","0","0","0","0","0","1.4943","1.507","0","0","0","0","0","1.5076","0","0","0","1.5043","1.4211","0","0","1.4488","0.0368","0","0","0","0","0","0","0","1.352","0","0","0","0","1.241","0","0","0","0","0","1.035","0","0","0","0","0.0442","0.8539","0","0","0","0.5445","0","0","20.0185","19.242"
"01/25/2026 2:00","1.8077","0","1.4495","0","0","1.5076","0.7135","0","0","0","0","0","1.4932","1.4756","0","0","0","0","0","1.5086","0","0","0","1.5138","1.3881","0","0","1.3544","0","0","0","0","0","0","0","0","1.3918","0","0.0235","0","0","1.2784","0","0.0243","0","0","0","0.9576","0","0","0","0.045","0","0.8199","0","0","0","0.5081","0","0","20.0301","19.2606"
"01/25/2026 3:00","1.8633","0","1.3996","0","0","1.5729","0.7467","0","0","0","0","0","1.5201","1.5289","0","0","0","0","0","1.5333","0","0","0","1.545","1.4422","0","0.0322","1.4533","0","0","0","0","0","0","0","0","1.4012","0","0","0","0","1.3361","0","0","0","0","0","0.9968","0","0","0","0.0273","0","0.8844","0","0","0","0.4842","0","0","20.7815","19.7675"
"01/26/2026 0:00","1.772","0","1.4466","0.0419","0","1.5177","0.6981","0","0","0","0","0","1.5374","1.4906","0","0","0","0","0","1.5084","0","0","0","1.4955","1.3791","0","0","1.4026","0","0","0","0","0","0","0","0","1.3489","0","0","0.0937","0","1.23","0","0.0287","0","0","0","0.9493","0","0","0","0","0","0.7823","0","0","0","0.4364","0","0","20.2993","19.1592"
"01/28/2026 0:00","1.7734","0.0525","1.3138","0","0","1.4468","0.6193","0.0246","0","0","0","0","1.4083","1.3818","0","0","0","0","0","1.4345","0","0","0","1.4126","1.3401","0","0","1.3272","0","0","0","0","0","0","0","0","1.3552","0","0","0","0","1.3813","0","0.0283","0","0","0.0283","1.0133","0.0203","0","0","0","0.0283","0.9083","0","0","0","0.5938","0.0291","0","20.2609","18.9211"
"01/29/2026 2:00","1.8378","0","1.4509","0","0","1.594","0.7404","0","0","0","0","0","1.507","1.5168","0","0","0","0","0","1.507","0","0","0","1.5277","1.4639","0","0.0213","1.4527","0","0","0","0","0","0","0","0","1.4167","0","0","0.0255","0","1.3636","0","0","0","0","0","1.0697","0","0","0","0","0.0667","0.9618","0","0","0","0.5976","0","0","21.532","20.1211"
"01/30/2026 0:00","1.6295","0","1.4462","0.0597","0","1.5642","0.6905","0","0","0","0","0","1.53","1.5386","0","0","0","0","0","1.5226","0","0","0","1.5123","1.4436","0","0","1.4422","0","0","0","0","0","0","0","0","1.4175","0","0","0","0.0271","1.3489","0","0","0","0","0","1.119","0","0","0","0","0.0557","0.9805","0","0","0","0.6569","0.0207","0.0456","21.0476","20.0513"
"01/31/2026 0:00","1.7309","0.0667","1.4772","0","0","1.5421","0.6897","0","0","0","0","0","1.4756","1.5109","0","0","0","0","0.0255","1.5152","0","0","0","1.5271","1.47","0","0","1.4018","0","0","0","0","0","0","0","0","1.4394","0","0","0","0.0348","1.3445","0","0","0","0","0","1.1371","0.0338","0","0","0.0279","0.0253","1.0643","0.0243","0","0","0.7441","0.0245","0.0708","22.0745","20.4035"
"02/01/2026 2:00","1.9836","0.0618","1.455","0","0","1.5025","0.6878","0","0","0","0","0","1.4789","1.5226","0","0","0","0","0","1.5201","0.0341","0","0","1.5119","1.4384","0","0","1.4442","0","0","0","0","0","0","0","0","1.4416","0","0","0","0","1.3763","0","0.0304","0","0","0.0201","1.1099","0","0","0","0","0","0.9654","0","0","0","0.688","0","0.0255","21.1551","20.2981"
"02/01/2026 3:00","2.0948","0","1.4087","0.0386","0","1.562","0.7391","0","0","0","0","0","1.5398","1.5396","0","0","0","0","0","1.5437","0","0","0","1.5552","1.4293","0","0","1.4575","0","0","0","0","0","0","0","0","1.4687","0","0","0","0.0199","1.513","0","0","0","0","0","1.129","0","0","0","0","0","1.0042","0","0.0362","0","0.6358","0","0","21.4128","20.7151"
"02/02/2026 0:00","1.7198","0.0688","1.391","0.0238","0","1.5519","0.6888","0","0","0","0","0","1.4466","1.5154","0","0","0","0","0","1.516","0","0","0","1.477","1.433","0","0","1.4326","0","0","0","0","0","0","0","0","1.3916","0","0","0","0","1.3216","0","0","0","0","0","1.1216","0","0","0","0","0.0388","1.0251","0","0","0","0.6677","0","0.0728","20.6752","19.9039"
"02/03/2026 2:00","1.9202","0.0683","1.3397","0","0","1.5413","0.7555","0","0","0","0","0","1.4819","1.4659","0","0","0","0","0","1.5043","0","0","0","1.5014","1.3968","0","0","1.4125","0","0","0","0","0","0","0","0","1.3978","0","0","0","0","1.2884","0","0.0378","0","0","0.0314","1.085","0","0","0","0","0","0.9168","0","0","0","0.5751","0","0","20.5034","19.7201"
"02/04/2026 0:00","1.8803","0","1.421","0","0","1.555","0.6788","0","0","0","0","0","1.492","1.5115","0","0","0","0","0","1.5177","0","0","0","1.5088","1.4205","0","0","1.3984","0","0","0","0.0257","0","0","0","0","1.4356","0","0","0","0","1.356","0","0.0517","0","0","0","1.1073","0.0275","0","0","0.0221","0.0434","1.0374","0","0","0","0.6931","0","0.0215","21.2291","20.2053"
"02/05/2026 2:00","1.8518","0.0753","1.4152","0.0655","0","1.5876","0.6761","0.0347","0","0","0","0","1.4772","1.4965","0","0","0","0","0","1.4918","0","0","0","1.4846","1.5029","0","0","1.4273","0","0","0","0","0","0","0","0","1.4581","0","0","0","0.0372","1.369","0.0297","0.0706","0.0255","0","0.0225","1.0846","0","0","0","0","0","0.9757","0","0","0","0.6643","0.0372","0.0362","21.5339","20.3971"
"02/06/2026 0:00","1.7018","0","1.3686","0.0333","0","1.5172","0.6736","0","0","0","0","0","1.455","1.4918","0","0","0","0","0","1.509","0","0","0","1.5086","1.4167","0","0","1.3942","0","0","0","0","0","0","0","0","1.4362","0","0","0","0","1.3582","0","0.0398","0","0","0","1.0846","0.0346","0.0308","0.0378","0","0","0.9952","0","0","0","0.6549","0","0.0328","20.6857","19.7747"
"02/07/2026 2:00","1.8612","0","1.4273","0","0","1.5813","0.6611","0.0275","0","0","0","0","1.4378","1.4867","0","0","0","0","0","1.5033","0.023","0","0","1.5062","1.4559","0","0","1.4659","0","0","0","0","0","0","0","0","1.39","0","0","0","0","1.3323","0","0","0","0.0203","0.0285","1.1057","0.0376","0","0","0","0.0299","1.042","0","0.0203","0","0.6609","0","0.0336","21.1008","20.1383"
"02/08/2026 0:00","1.7582","0.0663","1.4481","0","0","1.5427","0.7096","0","0","0","0","0","1.4544","1.4819","0","0","0","0","0.0205","1.5185","0","0","0","1.4733","1.4004","0","0","1.4372","0","0","0","0","0","0","0","0","1.3855","0","0","0","0","1.3301","0","0","0","0","0","1.0824","0.031","0","0.0205","0.0253","0","0.9425","0","0","0","0.6706","0","0","20.6466","19.799"
"02/08/2026 1:00","1.8678","0","1.4421","0","0","1.5335","0.7393","0.0228","0","0","0","0","1.4869","1.4932","0","0","0","0","0","1.4953","0","0","0","1.5111","1.3938","0","0","1.4155","0","0","0","0.0199","0","0","0","0","1.4193","0","0","0","0","1.4072","0","0","0","0","0","1.1216","0","0","0","0","0","0.9952","0","0","0","0.6991","0","0","20.932","20.0636"
"02/09/2026 2:00","1.5298","0.0396","1.3732","0","0","1.5129","0.6995","0","0","0","0","0","1.4787","1.4807","0","0","0","0","0","1.4914","0","0","0","1.4873","1.4217","0","0","1.4416","0","0","0","0","0","0","0","0","1.3526","0","0","0","0","1.2428","0","0","0","0","0","1.04","0","0","0","0","0","0.8515","0","0","0","0.5224","0","0","19.7171","18.9657"
"02/10/2026 0:00","1.6431","0","1.4394","0","0","1.5156","0.6921","0","0","0","0","0","1.4333","1.4729","0","0","0","0","0","1.4596","0","0","0","1.4495","1.3771","0","0","1.4062","0","0","0","0","0","0","0","0","1.369","0","0","0","0","1.2963","0","0","0","0","0","1.0595","0","0","0","0","0","0.8533","0","0","0","0.557","0","0","20.2015","19.0239"
"02/11/2026 2:00","1.5261","0","1.4382","0","0","1.4602","0.6938","0","0","0","0","0","1.4113","1.4756","0","0","0","0","0","1.4926","0","0","0","1.4756","1.4235","0","0","1.3723","0","0","0","0","0","0","0","0","1.3934","0","0","0","0","1.2866","0.0221","0","0","0","0.0501","1.0472","0","0","0","0","0.0261","0.8997","0","0","0","0.6748","0","0","20.2337","19.1692"
"02/12/2026 0:00","1.5649","0","1.4191","0.053","0","1.4943","0.656","0.0353","0","0","0","0","1.397","1.4528","0","0","0","0","0","1.4604","0","0","0","1.4516","1.3908","0","0","1.3407","0","0","0","0","0","0","0","0","1.3423","0","0","0","0","1.2927","0","0","0","0","0","1.1576","0","0","0","0","0","0.9956","0","0","0","0.7292","0","0","20.4057","19.2333"
"02/13/2026 2:00","1.7297","0","1.4394","0.0468","0","1.4906","0.6632","0","0","0","0","0","1.422","1.4583","0","0","0","0","0","1.468","0","0","0","1.4791","1.3964","0","0","1.3696","0","0","0","0","0","0","0","0","1.3891","0","0","0","0","1.3739","0","0.0322","0","0","0","1.1449","0.0241","0","0","0","0.0267","1.0404","0","0","0","0.7455","0","0","20.967","19.7399"
"02/14/2026 0:00","1.6119","0","1.4204","0","0","1.5226","0.6897","0","0","0","0","0","1.4245","1.469","0","0","0","0","0","1.5051","0","0","0","1.4955","1.4183","0","0","1.4187","0","0","0","0.036","0","0","0","0","1.3506","0","0","0","0","1.2941","0","0","0","0","0","1.0933","0.0245","0","0","0","0","0.9407","0","0","0","0.6545","0","0","20.2602","19.3694"
"02/15/2026 2:00","1.5926","0","1.4128","0","0","1.5041","0.6697","0","0","0","0","0","1.3978","1.4399","0","0","0","0","0","1.4446","0","0","0","1.4442","1.3755","0","0","1.3493","0","0","0","0","0","0","0","0","1.3435","0","0","0","0","1.2651","0","0","0","0","0","1.0836","0","0","0","0","0.0291","0.8953","0","0","0","0.6129","0","0","19.7356","18.86"
"02/15/2026 3:00","1.6219","0","1.3222","0","0","1.4883","0.694","0","0","0","0","0","1.4731","1.4766","0","0","0","0","0","1.4992","0","0","0","1.4996","1.3723","0.0263","0","1.4374","0","0","0","0","0","0","0","0","1.3835","0","0","0","0","1.36","0","0","0","0","0","1.1684","0","0","0","0.0251","0","1.0036","0","0","0","0.6816","0","0","20.3154","19.5331"
"02/16/2026 0:00","1.6119","0","1.3276","0","0","1.5049","0.6704","0","0","0","0","0","1.4323","1.4694","0","0","0","0","0","1.4801","0","0","0","1.4692","1.4","0","0","1.3817","0","0","0","0","0","0","0","0","1.3413","0","0","0","0","1.2557","0","0.0215","0","0","0","1.0137","0","0","0","0","0","0.8141","0","0","0","0.5465","0","0","19.6011","18.7403"
"02/17/2026 2:00","1.4528","0","1.4261","0","0","1.4561","0.6431","0","0","0","0","0","1.3582","1.4475","0","0","0","0","0","1.4953","0","0","0","1.4563","1.3994","0","0","1.37","0","0","0","0","0","0","0","0","1.3345","0","0","0","0","1.2822","0","0","0","0.0255","0","1.0366","0","0","0","0","0","0.8894","0","0.0233","0","0.5624","0","0.0338","19.6299","18.6925"
"02/18/2026 1:00","1.4953","0","1.3744","0","0","1.4665","0.6685","0","0","0","0","0","1.4214","1.4454","0","0","0","0","0","1.4612","0","0","0","1.455","1.3711","0","0","1.3264","0","0","0","0","0","0","0","0","1.285","0","0","0","0","1.2513","0","0","0","0","0","1.0107","0.0251","0","0","0","0","0.8878","0","0","0","0.5192","0","0","19.3149","18.4643"
"02/19/2026 3:00","1.6322","0.0216","1.3849","0","0","1.4384","0.6636","0","0","0","0","0","1.4865","1.4304","0","0","0","0","0","1.468","0","0","0","1.453","1.3461","0","0","1.4092","0","0","0","0","0","0","0","0","1.2806","0","0","0","0","1.1747","0","0","0","0","0","0.8923","0","0","0","0","0","0.7172","0","0.0201","0","0.4123","0","0","18.7351","18.2311"
"02/20/2026 0:00","1.5252","0","1.3073","0","0","1.4676","0.6531","0","0","0","0","0","1.4565","1.4544","0","0","0","0","0.0349","1.4893","0","0","0","1.4589","1.3656","0","0","1.3781","0","0","0","0","0","0","0","0","1.325","0","0","0","0","1.1946","0","0","0","0","0","0.928","0","0","0","0","0","0.7966","0","0","0","0.4563","0","0","19.0084","18.2914"
"02/21/2026 2:00","1.5817","0","1.4025","0.0417","0","1.4719","0.678","0","0","0","0","0","1.4575","1.4413","0","0","0","0","0","1.4756","0","0","0","1.4739","1.3964","0","0","1.3688","0","0","0","0","0","0","0","0","1.3264","0","0","0","0","1.2191","0","0","0","0","0","0.9479","0","0","0","0","0.0239","0.7582","0","0.03","0","0.4426","0","0","19.4338","18.5374"
"02/22/2026 0:00","1.6303","0","1.3752","0","0","1.4472","0.689","0.0273","0","0","0","0","1.4538","1.4189","0","0","0","0","0","1.4575","0.0216","0","0","1.4834","1.3606","0","0","1.3779","0","0","0","0","0","0","0","0","1.3296","0","0","0","0","1.2609","0","0","0","0","0","0.9401","0","0","0","0.042","0","0.8131","0","0","0","0.475","0","0","19.5222","18.6034"
"02/22/2026 1:00","1.6944","0","1.4255","0","0","1.5127","0.6954","0.0369","0","0","0","0","1.4598","1.462","0","0","0","0","0","1.4645","0","0","0","1.4846","1.3574","0","0","1.3849","0","0","0","0","0","0","0","0","1.3361","0","0","0","0","1.271","0","0","0","0","0","1.0042","0","0","0","0.0219","0","0.8617","0","0","0","0.5256","0.0241","0","19.734","19.0227"
"02/23/2026 2:00","1.7389","0","1.3344","0","0","1.4532","0.671","0","0","0","0","0","1.4456","1.4132","0","0","0","0","0","1.4534","0.0242","0","0","1.4216","1.3688","0","0","1.3411","0","0","0","0","0","0","0","0","1.3473","0","0","0","0.0641","1.2818","0","0","0","0","0","1.0418","0","0","0","0","0.0251","0.8583","0","0","0","0.5485","0","0","19.5544","18.8323"
"02/24/2026 0:00","1.686","0","1.3216","0","0","1.4694","0.6751","0","0","0","0","0","1.4148","1.4288","0","0","0","0","0","1.4592","0","0","0","1.4446","1.4082","0","0","1.4008","0","0","0","0","0","0","0","0","1.3451","0","0","0","0","1.2786","0","0","0","0","0","1.0585","0.0318","0","0","0","0","0.9021","0","0","0","0.5942","0","0.0243","19.8905","18.9431"
"02/25/2026 2:00","1.5447","0","1.3411","0","0","1.4795","0.6248","0.0271","0","0","0","0","1.3395","1.4292","0","0","0","0","0","1.4251","0","0","0","1.4109","1.3538","0","0","1.3284","0","0","0","0","0","0","0","0","1.3469","0","0","0","0","1.2625","0.0263","0","0","0","0","1.1401","0","0","0","0.0265","0","0.9863","0","0","0","0.7596","0","0","20.0912","18.8523"
"02/26/2026 0:00","1.4998","0","1.3325","0","0","1.4563","0.6412","0","0","0","0","0","1.3707","1.4397","0","0","0","0","0","1.4109","0","0","0","1.4364","1.3727","0","0","1.3449","0","0","0","0","0","0","0","0","1.3154","0","0","0","0","1.3011","0.0396","0","0","0","0","1.1081","0","0","0","0","0","0.9715","0","0","0","0.7087","0","0","20.0437","18.7495"
"02/27/2026 2:00","1.631","0","1.344","0.0595","0","1.4706","0.642","0","0","0","0","0","1.3968","1.4226","0","0","0","0","0","1.4403","0","0","0","1.4103","1.3469","0","0","1.2975","0","0","0","0","0","0","0","0","1.3423","0","0","0","0","1.2414","0","0","0","0","0","1.1009","0","0","0","0","0","0.9435","0","0","0","0.6599","0","0","19.5799","18.7495"
"02/28/2026 0:00","1.6312","0","1.407","0","0","1.4756","0.6654","0","0","0","0","0","1.3709","1.42","0","0","0","0","0","1.4093","0","0","0","1.4452","1.3662","0","0","1.3242","0","0","0","0","0","0","0","0","1.3387","0","0","0","0","1.3069","0","0","0","0","0","1.1395","0.0585","0.0263","0","0","0","1.074","0","0","0","0.7073","0","0.0207","20.274","19.1869"
"03/01/2026 2:00","1.5382","0","1.4095","0","0","1.4608","0.6513","0","0","0","0","0","1.3617","1.4284","0","0","0","0","0","1.4353","0","0","0","1.3943","1.3558","0","0","1.3375","0","0","0.0227","0","0","0","0","0","1.3377","0","0.0183","0","0","1.245","0","0.0293","0","0","0.0145","1.1461","0","0","0","0","0","0.9956","0","0","0.0109","0.7833","0","0.0372","20.0438","19.0134"
"03/01/2026 3:00","1.625","0","1.4054","0.0542","0","1.4994","0.6459","0.0394","0.015","0","0","0","1.4161","1.4803","0","0","0","0","0.0131","1.4592","0","0","0","1.4452","1.3881","0","0","1.3827","0","0","0","0","0","0","0","0","1.4036","0","0","0","0","1.3618","0","0","0","0","0","1.2384","0","0","0","0.0072","0.0129","1.1327","0","0","0.0243","0.9425","0","0.0109","21.0684","20.0033"
"03/02/2026 0:00","1.4821","0","1.3748","0","0","1.4836","0.6281","0","0","0","0","0","1.3701","1.4392","0","0","0","0","0","1.3922","0","0","0","1.4066","1.3303","0","0","1.3391","0","0","0","0.0227","0","0","0","0","1.3624","0","0","0","0","1.2581","0","0","0","0","0","1.1469","0","0","0","0.0153","0","1.0163","0","0","0","0.764","0","0","20.2444","18.8318"
"03/03/2026 2:00","1.4764","0","1.3984","0","0","1.4528","0.6474","0","0","0","0","0","1.3791","1.4257","0","0","0","0","0","1.4427","0.0154","0","0","1.4033","1.3642","0","0","1.3711","0","0","0","0","0","0","0","0","1.3353","0","0","0","0","1.2498","0.0273","0.0066","0","0","0.0563","1.1648","0","0","0","0","0","0.9821","0","0","0","0.7443","0","0","20.107","18.943"
"03/04/2026 0:00","1.6468","0","1.3286","0","0","1.4573","0.6445","0","0","0","0","0","1.3781","1.4095","0","0","0","0","0","1.4499","0","0","0","1.4589","1.3745","0","0","1.3707","0","0","0","0.0312","0","0","0","0","1.3741","0","0","0","0","1.3369","0","0.0145","0.007","0","0","1.1164","0.0263","0.0179","0.0074","0","0","0.9753","0","0","0","0.6862","0","0.0201","20.0615","19.1321"
"03/05/2026 2:00","1.4967","0","1.3481","0","0","1.4378","0.6303","0","0","0","0","0","1.3807","1.4317","0","0","0","0","0","1.4555","0","0","0","1.4378","1.4442","0","0","1.3887","0","0","0","0","0","0","0","0","1.3526","0.0525","0","0","0","1.2704","0.0736","0","0","0.0165","0.0092","1.0687","0","0","0","0","0.0121","0.9023","0","0","0","0.6354","0","0","20.1684","18.8448"
"03/06/2026 0:00","1.499","0","1.3645","0","0","1.4834","0.6178","0","0","0","0","0","1.3812","1.4376","0","0","0","0","0","1.4495","0","0","0","1.4353","1.3974","0","0","1.3562","0.0299","0","0","0.0571","0","0","0","0","1.3367","0","0","0","0","1.2227","0","0","0","0","0","1.085","0","0","0","0","0","0.8959","0","0","0","0.6368","0","0.0302","19.6668","18.7162"
"03/07/2026 2:00","1.7358","0","1.3846","0","0","1.4871","0.6724","0","0","0","0","0","1.4275","1.4602","0","0","0","0","0.0119","1.4721","0","0","0","1.4764","1.3851","0","0","1.3817","0","0","0","0","0","0","0","0","1.3489","0","0","0","0","1.2438","0","0.0161","0","0","0.0201","1.0167","0","0","0","0","0.0306","0.8044","0","0","0.0101","0.55","0","0","19.7979","18.9355"
"03/08/2026 0:00","1.5956","0","1.3467","0","0","1.5193","0.6346","0","0","0","0","0","1.4312","1.4216","0","0","0","0","0","1.4394","0","0","0","1.4126","1.3626","0","0","1.3761","0","0","0.0306","0","0","0","0","0","1.3126","0.0153","0","0","0","1.2418","0","0.0304","0","0","0.0362","1.0386","0","0","0","0.0123","0.0362","0.879","0","0","0","0.5497","0.0052","0","19.7517","18.7276"
"03/08/2026 1:00","1.6008","0","1.3912","0.0472","0","1.4819","0.663","0","0","0.0209","0","0","1.4608","1.4678","0","0","0.0113","0","0","1.4477","0","0","0","1.4388","1.3612","0","0","1.4016","0","0","0","0","0","0","0","0","1.3582","0","0","0.0187","0","1.3554","0","0","0","0","0","1.113","0","0","0.0103","0.0275","0.0229","0.9379","0","0","0","0.5815","0","0","20.151","19.2196"
"03/09/2026 2:00","1.5064","0","1.3619","0","0","1.4302","0.6355","0","0","0","0","0","1.3666","1.4376","0","0","0","0","0","1.4037","0","0","0","1.3957","1.3602","0","0","1.3369","0","0","0","0.0121","0","0","0","0.038","1.367","0","0","0","0","1.2291","0","0","0","0","0.0131","1.0685","0","0","0","0","0.0519","0.9596","0","0","0","0.6032","0","0","19.7042","18.5772"
"03/10/2026 0:00","1.4844","0","1.39","0.0318","0","1.4503","0.6344","0","0","0","0","0","1.3842","1.4216","0","0","0","0","0","1.4319","0","0","0","1.42","1.3469","0","0","1.3586","0","0","0","0","0","0","0","0","1.319","0","0","0","0","1.2808","0","0","0","0","0","1.114","0.0583","0.03","0","0","0","0.9405","0","0","0","0.6545","0","0.0147","19.6851","18.7659"
"03/11/2026 2:00","1.554","0","1.4245","0","0","1.4647","0.6714","0","0","0","0","0","1.4278","1.4224","0","0","0","0","0","1.4388","0","0","0","1.4306","1.3711","0","0","1.3423","0","0","0","0","0","0","0","0","1.3091","0","0","0","0","1.1785","0","0","0","0","0","0.9427","0","0","0","0","0","0.7761","0","0","0","0.4553","0","0","19.0797","18.2093"
"03/12/2026 0:00","1.5595","0","1.4374","0","0","1.4335","0.6913","0","0","0","0","0","1.4409","1.4296","0","0","0","0","0","1.454","0","0","0","1.4337","1.3773","0","0","1.3393","0","0","0","0","0","0","0","0","1.3238","0","0","0","0","1.1934","0","0","0","0","0","0.9266","0.0098","0","0","0.0418","0.0219","0.7634","0","0","0","0.4404","0","0.0147","19.0194","18.3323"
"03/13/2026 2:00","1.5835","0","1.3682","0","0","1.499","0.6708","0","0","0","0","0","1.4405","1.4491","0","0","0","0","0.0154","1.4651","0","0","0","1.4477","1.3982","0","0","1.359","0","0","0","0","0","0","0","0","1.3413","0","0","0","0","1.2941","0.0255","0","0","0","0","1.0699","0","0","0","0","0.0414","0.8979","0","0","0.0092","0.5833","0.0084","0.0263","19.8685","18.9938"
"03/14/2026 0:00","1.4405","0","1.2933","0","0","1.4631","0.6654","0","0.0207","0","0","0","1.4347","1.3968","0","0","0","0","0","1.4185","0","0","0","1.4191","1.4044","0","0","1.3051","0","0","0","0","0","0","0","0","1.3033","0","0","0","0","1.2056","0","0.0101","0","0","0","0.9634","0","0","0.0157","0.0322","0","0.7729","0.0386","0.0163","0","0.4581","0","0","19.0577","18.0778"
"03/15/2026 19:00","1.4819","0","1.3567","0","0","1.455","0.6913","0","0","0","0","0","1.4546","1.4436","0","0","0","0","0","1.4245","0","0","0","1.4265","1.3441","0","0","1.3715","0","0","0","0","0","0","0","0","1.275","0","0","0","0","1.1069","0","0","0","0","0.0261","0.8145","0","0","0","0.0199","0.0215","0.6436","0.0098","0","0","0.3361","0","0","18.5987","17.7031"
"03/15/2026 20:00","1.4448","0","1.3721","0","0","1.4826","0","0","0","0","0","0","1.4655","1.4852","0","0","0","0","0","1.4665","0","0","0","1.4717","1.4006","0","0","1.3634","0","0","0","0","0","0","0","0","1.3612","0","0","0","0","1.204","0","0","0","0","0","0.8818","0","0.0066","0","0.0211","0","0.7349","0","0.0143","0.0068","0.3747","0","0","19.1564","17.5578"
"03/16/2026 0:00","1.555","0","1.3795","0","0","1.4628","0","0","0","0","0","0","1.454","1.4548","0","0","0","0","0.0205","1.4606","0.0164","0","0","1.4119","1.3658","0","0","1.3596","0","0","0","0","0","0","0","0","1.3186","0","0","0","0","1.1469","0","0","0","0","0","0.8786","0","0","0","0.0498","0","0.7254","0","0","0","0.3938","0","0","18.7933","17.454"
"03/17/2026 2:00","1.5437","0","1.4497","0","0","1.4559","0.6587","0","0","0","0","0","1.3773","1.444","0","0","0","0","0","1.4364","0","0","0","1.4335","1.3926","0","0","1.3234","0","0","0","0","0","0","0","0","1.3502","0","0","0","0","1.2348","0","0","0","0","0","1.0754","0","0","0.005","0.0223","0.0201","0.8661","0","0","0","0.6076","0","0","19.7915","18.6967"
"03/18/2026 0:00","1.4904","0","1.368","0","0","1.4524","0.6406","0","0","0","0","0","1.3836","1.4259","0","0","0","0","0","1.4302","0.0131","0","0","1.4239","1.3666","0","0","1.3775","0","0","0","0","0","0","0","0","1.3367","0","0","0","0","1.2762","0","0.0215","0.01","0","0","1.0687","0.0378","0.0082","0.0193","0.0386","0","0.8872","0","0","0","0.6223","0.0068","0","19.802","18.7055"
"03/19/2026 2:00","1.5353","0","1.3551","0","0","1.4721","0.6404","0","0","0","0","0","1.3894","1.4472","0","0","0","0","0","1.4343","0","0","0","1.3873","1.3658","0","0","1.3262","0","0","0","0","0","0","0","0","1.3783","0","0","0","0","1.2854","0","0.04","0","0","0.0299","1.0766","0","0","0","0.0241","0.0306","0.958","0","0","0","0.6217","0","0.0253","19.8204","18.823"
"03/20/2026 0:00","1.5903","0","1.3606","0.0347","0","1.4774","0.6687","0","0","0","0","0","1.3744","1.4261","0","0","0","0","0","1.42","0","0","0","1.4027","1.355","0","0","1.35","0","0","0","0","0","0","0","0","1.3544","0","0","0","0.0227","1.3035","0","0.0199","0.0101","0","0","1.0985","0","0","0","0","0.0189","0.9735","0","0","0.0193","0.6814","0","0.0213","19.9108","18.9834"
"03/21/2026 2:00","1.6336","0","1.3407","0","0","1.485","0.6583","0","0.0086","0","0","0","1.3699","1.4419","0","0","0","0","0","1.4126","0","0","0","1.3883","1.3449","0","0","1.3421","0","0","0","0","0","0","0","0","1.3755","0","0","0.0448","0","1.2955","0","0.0446","0","0.0161","0","1.1254","0.0173","0","0.0121","0.0078","0","0.9877","0","0","0","0.7375","0","0.0358","20.5425","19.126"
"03/22/2026 0:00","1.4821","0","1.4107","0","0","1.4458","0.647","0","0","0","0","0","1.3674","1.4021","0","0","0","0","0.0072","1.4033","0","0","0","1.3834","1.3087","0","0","1.3435","0","0","0","0","0","0","0","0","1.2909","0","0","0","0","1.2758","0","0","0.0354","0","0","1.1339","0.0195","0","0","0","0","0.9855","0.0243","0.0215","0","0.7329","0","0.0195","19.8996","18.7404"
"03/22/2026 1:00","1.5068","0","1.3896","0","0","1.4331","0.6424","0","0","0","0","0","1.4132","1.4544","0","0","0","0","0","1.4417","0","0","0","1.4934","1.404","0","0","1.4159","0","0","0","0","0","0","0","0","1.3188","0","0","0","0","1.3387","0","0","0","0","0","1.2024","0","0","0","0","0","1.0416","0","0","0","0.7674","0.0237","0","20.23","19.2871"
"03/23/2026 2:00","1.6002","0","1.3828","0","0","1.4386","0.6178","0","0","0.0144","0","0","1.3452","1.4138","0","0","0","0","0","1.414","0","0","0","1.4177","1.311","0.0464","0","1.3204","0","0","0","0","0","0","0","0","1.3108","0","0","0","0","1.2507","0","0","0","0","0","1.0884","0.0129","0","0","0.0131","0.0131","0.9301","0","0","0","0.6639","0","0.0064","19.6309","18.6117"
"03/24/2026 0:00","1.6145","0","1.359","0","0","1.4604","0.6511","0","0","0","0","0.0101","1.3649","1.4195","0","0.0168","0.0096","0","0","1.4097","0","0","0","1.3945","1.3371","0","0","1.3033","0","0","0","0","0","0","0","0","1.3228","0","0","0","0","1.2732","0","0.039","0","0","0","1.1413","0.0332","0","0.0201","0.01","0.0137","0.9994","0","0","0","0.7375","0.0364","0.0078","20.3013","18.9849"
"03/25/2026 2:00","1.4879","0","1.3159","0","0","1.4329","0.6578","0.0201","0","0","0","0","1.3344","1.3955","0","0","0","0","0","1.3931","0","0","0","1.3795","1.326","0","0","1.3343","0","0","0","0","0","0","0","0","1.3447","0","0","0","0","1.2637","0","0.032","0.0066","0","0","1.1274","0","0","0.0121","0.0203","0.0211","0.9853","0","0","0","0.7723","0.0245","0.0271","19.7894","18.7145"
"03/26/2026 0:00","1.4206","0","1.3898","0","0","1.4247","0.6236","0","0","0","0","0","1.3179","1.3986","0","0","0","0","0","1.3625","0","0","0","1.3715","1.3238","0","0","1.3493","0.0267","0","0","0.0414","0","0","0","0","1.28","0","0","0","0","1.2577","0","0","0","0","0","1.1112","0","0","0","0","0.0135","1.0289","0","0","0","0.7512","0.0579","0","19.9208","18.5508"
"03/27/2026 2:00","1.4501","0","1.3011","0","0","1.4329","0.6244","0","0","0","0","0","1.3569","1.3953","0","0","0","0","0","1.3904","0","0","0","1.3738","1.3132","0","0","1.3003","0","0","0","0","0","0","0","0","1.275","0","0","0","0","1.2197","0","0","0","0","0.0109","0.9972","0","0","0","0.0702","0","0.8086","0","0","0","0.513","0","0","19.1225","17.833"
"03/28/2026 0:00","1.5501","0","1.336","0","0","1.462","0.6316","0","0","0","0","0","1.3434","1.3988","0","0","0","0","0","1.3686","0","0","0","1.3842","1.3477","0","0","1.2882","0","0","0","0.0215","0","0","0","0","1.3315","0","0","0","0","1.2699","0","0.0366","0","0.0068","0.0289","1.034","0.0408","0","0","0.0275","0","0.9391","0","0","0","0.6346","0","0.031","19.3858","18.5128"
"03/29/2026 2:00","1.5238","0","1.3356","0","0","1.4187","0.6544","0","0","0","0","0","1.3374","1.392","0","0","0","0","0","1.4078","0","0","0","1.3914","1.3327","0","0","1.35","0","0","0","0","0","0","0","0","1.2975","0","0","0","0.0279","1.2243","0","0","0","0","0","1.0844","0.0482","0","0","0","0","0.9317","0","0.0203","0","0.6615","0.0177","0.0448","19.487","18.5021"
"03/29/2026 3:00","1.5478","0","1.3356","0","0","1.4511","0.6422","0","0","0","0","0","1.3635","1.399","0","0","0","0","0","1.4031","0","0","0","1.3713","1.33","0","0","1.3138","0","0","0","0","0","0","0","0","1.3124","0","0","0","0","1.287","0","0","0","0","0","1.1194","0","0","0","0.0263","0","1.0209","0","0","0","0.6983","0.0088","0.0076","19.4943","18.6381"
"03/30/2026 0:00","1.4988","0","1.3668","0","0","1.4362","0.6227","0","0","0","0","0","1.3307","1.4226","0","0","0","0","0","1.3826","0","0","0","1.3822","1.3202","0","0","1.283","0","0","0","0","0.0249","0","0","0","1.3039","0","0","0","0","1.2368","0","0.0205","0","0","0.0454","1.0404","0.0302","0","0","0.0098","0.0209","0.9435","0","0","0","0.6593","0.0237","0.0281","19.3707","18.4332"
"03/31/2026 2:00","1.4312","0","1.3278","0","0","1.4647","0.6351","0","0","0","0","0","1.3208","1.4314","0","0","0","0","0","1.3707","0","0","0","1.3795","1.3272","0","0","1.2704","0","0","0","0","0","0","0","0","1.2876","0","0","0","0","1.2197","0","0","0.009","0","0","1.0247","0","0","0","0.0253","0","0.9017","0","0.0223","0","0.643","0","0","19.1802","18.0921"
"04/01/2026 0:00","1.4245","0","1.3654","0","0","1.431","0.6299","0","0","0","0","0","1.3344","1.4134","0","0","0","0","0","1.374","0.0115","0","0","1.3625","1.2931","0","0","1.2806","0","0","0","0","0","0","0","0","1.2985","0","0","0","0","1.2219","0","0","0","0","0.0346","1.1307","0","0","0","0.0078","0","0.9502","0","0.0157","0","0.7192","0","0","19.3281","18.2989"
"04/02/2026 2:00","1.4035","0","1.3452","0","0","1.4477","0.6482","0","0","0","0","0","1.3245","1.4017","0","0","0","0","0","1.3656","0","0","0","1.3904","1.2772","0","0","1.273","0","0","0","0","0","0","0","0","1.2631","0","0","0","0","1.2215","0","0","0","0","0.0078","1.0852","0","0","0","0.0215","0","0.9606","0","0","0","0.7526","0","0.0082","19.3114","18.1975"
"04/03/2026 0:00","1.5242","0","1.3432","0","0","1.4655","0.6441","0","0","0","0","0.0099","1.36","1.437","0","0","0","0","0","1.3988","0","0","0","1.3789","1.3459","0","0","1.3083","0","0","0","0","0","0","0","0","1.2667","0","0","0","0","1.2119","0","0.0107","0.0052","0","0","1.0082","0","0","0","0.0342","0","0.8173","0","0","0","0.5393","0","0","18.8137","18.1093"
"04/04/2026 2:00","1.5952","0","1.3785","0","0","1.4415","0.647","0","0","0","0","0","1.3699","1.408","0","0","0","0.0154","0","1.398","0","0","0","1.3828","1.3491","0","0","1.328","0","0","0","0","0","0","0","0","1.3067","0","0","0","0","1.2012","0","0.0092","0","0","0","0.9952","0.0141","0","0.0145","0.0766","0.0197","0.8792","0","0.0388","0","0.5628","0","0","19.4785","18.4314"
"04/05/2026 0:00","1.484","0","1.3567","0","0","1.4692","0.6578","0","0","0","0","0","1.3674","1.4362","0","0","0","0","0","1.4462","0.0224","0","0","1.3963","1.3357","0","0","1.3188","0","0","0","0","0","0","0","0","1.3196","0","0","0","0","1.2452","0","0","0","0","0","1.0358","0","0","0","0.0096","0.0452","0.9011","0.0129","0","0","0.6511","0","0.0101","19.4416","18.5213"
"04/05/2026 1:00","1.608","0","1.3403","0.0265","0","1.4622","0.6531","0","0","0","0","0","1.4126","1.4429","0","0","0","0","0","1.4392","0","0","0","1.4384","1.4044","0","0","1.3978","0","0","0","0","0","0","0","0","1.3272","0","0.0239","0","0","1.2975","0","0","0","0","0","1.1102","0","0","0","0.0356","0","0.9739","0","0","0","0.6812","0","0","19.6922","19.0749"
"04/06/2026 2:00","1.602","0","1.3693","0","0","1.4456","0.6207","0","0","0","0","0","1.3582","1.4286","0","0","0","0","0","1.4124","0","0","0","1.3986","1.3666","0","0","1.3703","0","0","0","0","0","0","0","0","1.3025","0","0","0","0","1.2498","0","0.0354","0","0","0.0348","1.0754","0","0","0","0","0.0123","0.9924","0","0","0","0.6766","0.0056","0","19.6651","18.7571"
"04/07/2026 0:00","1.6026","0","1.2839","0.0614","0","1.494","0.6609","0","0","0","0","0","1.3888","1.4555","0","0","0","0","0","1.4148","0","0","0","1.4115","1.355","0","0","1.3656","0","0","0","0","0","0","0.0285","0","1.3186","0","0","0","0","1.2901","0","0.0185","0","0","0","1.0736","0.0086","0","0","0","0","0.9819","0","0.0279","0","0.6985","0","0.0245","19.9595","18.9647"
"04/08/2026 2:00","1.5275","0","1.343","0.0339","0","1.4704","0.6773","0","0","0","0","0.0119","1.3456","1.4382","0","0","0","0","0","1.4093","0","0","0","1.4397","1.3351","0","0","1.3164","0","0","0","0","0","0","0","0","1.3311","0","0","0","0","1.2501","0","0.0119","0","0","0.0084","1.0396","0.0052","0","0.0213","0.0217","0.0086","0.9282","0","0","0.0101","0.7045","0","0.0312","19.4342","18.7202"
"04/09/2026 0:00","1.4569","0","1.3434","0","0","1.4212","0.6394","0","0","0","0","0","1.3309","1.4025","0","0","0","0","0","1.3812","0.0193","0","0","1.3758","1.3075","0","0","1.3003","0","0","0","0","0","0","0","0","1.3447","0","0","0","0","1.2066","0","0.031","0","0","0.0177","1.0671","0","0","0","0.0173","0.006","0.9353","0","0","0","0.6806","0","0.0193","19.4065","18.304"
"04/10/2026 2:00","1.4421","0","1.3337","0","0","1.4776","0.6285","0","0","0","0","0","1.3508","1.4093","0","0","0","0","0","1.3953","0.0107","0","0","1.4101","1.313","0","0","1.3083","0","0","0","0","0","0","0","0","1.2736","0","0","0","0","1.2436","0","0","0","0","0.0123","1.0814","0","0","0","0.0113","0","0.928","0","0","0","0.6774","0","0.0054","19.3875","18.3124"
"04/11/2026 0:00","1.405","0","1.3432","0","0","1.4278","0.602","0","0","0","0","0","1.3183","1.3781","0","0","0","0","0","1.3771","0","0","0","1.3816","1.3242","0","0","1.356","0","0","0","0","0","0","0","0","1.2589","0","0","0","0","1.2231","0.0064","0","0","0","0.0195","1.0458","0.0374","0","0","0.0147","0.0151","0.8919","0","0.0147","0","0.6173","0","0","18.9954","18.0581"
"04/12/2026 2:00","1.4793","0","1.3048","0","0","1.4345","0.6398","0.0209","0","0","0","0","1.327","1.4195","0","0","0","0","0","1.3855","0","0","0","1.3812","1.3325","0","0","1.3353","0","0","0","0","0","0","0","0","1.2941","0","0","0","0","1.2221","0","0","0","0","0","1.0828","0","0","0","0.0257","0.0255","0.8937","0","0","0","0.6702","0.0241","0","19.2205","18.2985"
"04/12/2026 3:00","1.4926","0","1.3793","0.0365","0","1.4678","0.6572","0","0","0","0","0","1.4","1.4415","0","0","0","0","0","1.4044","0","0","0","1.4314","1.3461","0","0","1.3371","0","0","0","0","0","0","0","0","1.2931","0","0","0","0","1.2997","0.0161","0","0","0","0","1.1335","0","0","0","0.0225","0","1.0056","0","0","0","0.7666","0.0173","0","19.8703","18.9483"
"04/13/2026 0:00","1.5006","0","1.3725","0","0","1.4856","0.6463","0","0","0","0","0","1.3976","1.4807","0","0","0","0","0","1.4407","0","0","0","1.4349","1.3608","0","0","1.329","0","0","0","0","0","0","0","0","1.3202","0","0","0","0","1.242","0","0","0","0","0","1.13","0","0","0","0","0.0111","0.9592","0","0","0","0.6776","0","0","19.7098","18.7888"
"04/14/2026 2:00","1.516","0","1.3594","0","0","1.4618","0.626","0","0","0","0","0","1.3939","1.4417","0","0","0","0","0","1.4288","0","0","0","1.4083","1.3849","0","0","1.3361","0.0255","0","0","0.0378","0","0","0","0","1.2945","0","0","0","0","1.2509","0","0","0","0.008","0","1.0545","0","0","0","0.0223","0.0199","0.9282","0","0","0","0.6762","0","0","19.3781","18.6747"
"04/15/2026 0:00","1.4425","0","1.3524","0","0","1.4501","0.6381","0","0","0","0","0","1.3477","1.4204","0","0","0","0","0","1.3929","0","0","0","1.4058","1.3298","0","0","1.3485","0","0","0","0","0","0","0","0","1.3055","0","0","0","0","1.2092","0","0","0","0","0","0.9904","0","0","0","0","0","0.8426","0.007","0","0","0.562","0","0","18.9021","18.0449"
"04/16/2026 2:00","1.4721","0","1.3362","0","0","1.4626","0.6541","0","0","0.0197","0","0","1.3957","1.4314","0","0","0","0","0","1.455","0","0","0","1.4222","1.3351","0","0","1.3303","0","0","0","0","0","0","0","0","1.2744","0","0","0","0","1.2197","0","0","0","0","0","0.9725","0","0","0.0066","0.0223","0","0.7998","0","0","0","0.5194","0","0","18.8441","18.1291"
"04/17/2026 0:00","1.4278","0","1.2888","0","0","1.4448","0.64","0","0","0","0","0","1.421","1.4029","0.0201","0","0","0","0","1.4066","0","0","0","1.4019","1.3013","0","0","1.2888","0","0","0","0","0","0","0","0","1.2718","0","0","0","0","1.1618","0","0","0","0","0.0151","0.9381","0","0","0","0.0183","0.0072","0.7682","0","0","0","0.5041","0","0","18.5403","17.7286"
"04/18/2026 2:00","1.631","0","1.3955","0","0","1.4304","0","0.017","0","0","0","0","1.4058","1.3908","0","0","0","0","0","1.4089","0.0367","0","0","1.3931","1.3178","0","0","1.3385","0","0","0","0","0.03","0","0","0","1.2637","0","0","0","0","1.2135","0","0","0","0","0","0.956","0","0.0193","0","0.0273","0","0.8107","0","0","0","0.5011","0","0","18.9142","17.5871"
"04/21/2026 0:00","0.335","0","0","0","0","0","0","0","0","0","0","0","0","0","0","0","0","0","0","0","0","0.1615","0","0","0","0","0","0","0","0","0","0","0","0","0","0","0","0","0","0","0","0","0.1319","0","0","0.007","0.0384","0.0074","0","0","0","0","0","0.0076","0","0","0.9845","0.0223","0.0304","0.0412","12.3427","1.7672"
"04/22/2026 2:00","1.3709","0.2227","1.3235","0","0","1.3931","0.5803","0","0","0.0201","0","0.0148","0","0","0","0","0","0","0","0","0","0","0","0","0","0","0","0","0","0","0","0","0","0","0","0","0","0","0","0","0","0","0.0332","0","0.0133","0","0.0243","0","0","0","0","0","0","0","0","0","0","0.0135","0","0","18.6052","5.0097"
"04/23/2026 1:00","1.3912","0.142","1.2978","0","0","1.3442","0.5525","0","0","0","0","0","1.3151","1.2537","0","0","0","0","0","0","0","0","0","0","1.1701","0","0","1.2669","0","0","0","0","0","0","0.0215","0","1.1815","0","0","0","0","1.1696","0.0446","0","0","0","0.0384","1.0979","0.0864","0.0372","0","0.0113","0.0657","1.0907","0","0","0.0237","0.9077","0","0.1518","18.537","15.6615"
"04/24/2026 2:00","1.4575","0.1174","1.3071","0","0","1.2722","0.5172","0","0","0","0","0","1.2847","1.226","0","0","0","0","0","1.3009","0","0","0","0","0.8758","0","0","1.2137","0","0","0","0.0364","0","0","0","0","1.238","0","0","0","0","1.1379","0.0537","0","0","0","0.0571","1.0804","0.0267","0","0","0","0.0219","0.9765","0.0056","0.0187","0.0239","0.7978","0","0.0681","17.8331","16.1152"
"04/25/2026 0:00","1.3504","0.1188","1.2543","0","0.0213","1.2911","0.539","0","0","0","0","0","1.2531","1.1977","0","0","0","0","0","1.2443","0","0","0","0","0.8253","0","0","1.1986","0","0","0","0.0625","0","0","0","0","1.164","0","0","0","0","1.1204","0","0","0","0","0.0382","1.0344","0.0117","0","0","0","0.0092","0.9381","0","0","0","0.7423","0","0.05","17.3201","15.4647"
"04/26/2026 2:00","1.6278","0.0952","1.4202","0","0","1.4305","0.5816","0","0.0269","0.0209","0","0","1.4578","1.3756","0","0","0","0","0","1.4291","0","0","0","0","1.3357","0","0","1.464","0","0","0","0","0","0","0.0661","0","1.4089","0","0","0","0","1.3792","0","0.0304","0","0","0.1063","1.2921","0.0313","0","0","0","0.0554","1.1776","0","0.0383","0.0327","0.9799","0","0.1921","20.8511","19.0556"
"04/26/2026 3:00","1.5948","0.1434","1.4462","0","0","1.4022","0.5866","0","0","0","0","0","1.4339","1.4056","0","0","0","0","0","1.4334","0","0.0118","0.0059","0","0.9241","0","0","1.4748","0","0","0","0","0","0","0","0","1.411","0","0","0","0","1.4577","0.0701","0.0257","0","0","0.0605","1.4222","0.0311","0","0","0","0.0329","1.3794","0","0.0238","0.04","1.2343","0.0224","0.0745","21.1497","19.1483"
"04/27/2026 0:00","1.5559","0.1131","1.4348","0","0","1.4377","0.5695","0","0","0","0","0","1.4371","1.4095","0","0","0","0","0","1.4198","0","0","0","0","1.3318","0","0","1.4044","0.0224","0","0","0","0","0","0","0","1.436","0","0","0","0","1.3589","0.064","0","0","0.0264","0.1026","1.3033","0.0614","0.0308","0","0","0.0621","1.24","0","0","0.014","1.0192","0","0.0904","20.5907","18.9451"
"04/28/2026 2:00","1.6005","0.1163","1.399","0","0","1.4254","0.6035","0","0","0","0.0118","0","1.4079","1.374","0.018","0","0","0","0","1.4462","0","0","0","0","1.41","0","0","1.4362","0","0","0","0","0","0","0.032","0","1.4028","0","0","0","0","1.3556","0.0502","0.0371","0","0","0.0619","1.2505","0.0467","0","0","0","0.0311","1.1523","0","0","0.0182","0.9897","0","0.19","20.806","18.8669"
"04/29/2026 0:00","1.6335","0.132","1.4437","0","0","1.4471","0.6041","0","0","0","0","0","1.4191","1.3922","0","0","0","0","0","1.4528","0","0","0.0187","0","1.3294","0","0","1.4395","0","0","0","0","0","0","0","0","1.4154","0","0","0","0.0364","1.3364","0","0","0","0","0.1416","1.235","0.0299","0","0","0","0.0199","1.1832","0","0.0416","0.0346","0.9598","0","0.0923","20.7133","18.8382"
"04/30/2026 2:00","1.6155","0.0719","1.4298","0","0","1.4375","0.6032","0","0","0","0","0","1.4052","1.3704","0","0","0","0","0","1.4034","0","0","0","0","1.3755","0","0","1.4322","0","0","0","0","0","0","0","0","1.3479","0","0","0","0","1.3255","0","0","0","0","0.0731","1.272","0.0341","0","0","0","0.0257","1.1659","0.0276","0.036","0.0633","0.8857","0","0.0766","19.9284","18.478"
"05/01/2026 0:00","1.5315","0.0735","1.4264","0","0","1.4236","0.6089","0","0","0","0","0","1.4245","1.3706","0","0","0","0","0","1.4264","0","0.0137","0","0","1.2297","0","0","1.4444","0","0","0","0","0","0","0","0","1.3998","0","0","0","0","1.3245","0","0","0","0.0105","0.0848","1.2178","0.0624","0","0","0","0.0369","1.1678","0","0","0.05","0.8467","0.0061","0","19.6597","18.1805"
"05/02/2026 2:00","1.6695","0.0508","1.3993","0","0","1.4391","0.5852","0","0","0","0","0","1.415","1.3979","0","0","0","0","0","1.4252","0","0","0","0","1.3409","0","0","1.4535","0","0","0","0.043","0","0","0","0","1.4042","0","0","0","0","1.3329","0.0572","0","0","0.0063","0.107","1.1897","0.0248","0","0","0","0.0213","1.128","0","0","0.0654","0.8633","0","0.0745","20.2551","18.494"
"05/03/2026 0:00","1.5547","0.1049","1.4184","0","0","1.4234","0.6401","0","0","0","0","0","1.4138","1.3833","0","0","0","0","0","1.4286","0","0","0","0","1.1037","0","0","1.3729","0","0","0","0","0","0","0","0","1.3661","0","0","0","0","1.3743","0","0.0248","0","0","0.1285","1.2236","0.0458","0.0117","0","0","0.0231","1.1696","0","0","0.05","0.9084","0.0185","0.104","19.9365","18.2922"
"05/03/2026 1:00","1.6119","0.0617","1.4311","0","0","1.5106","0.6055","0","0","0","0","0","1.4475","1.4248","0","0","0","0","0","1.4603","0","0","0","0","0.8238","0","0","1.4923","0","0","0","0","0","0","0","0","1.4687","0","0","0","0","1.49","0","0.0208","0","0.0072","0.0516","1.3449","0","0","0","0","0.0224","1.2916","0","0","0.0278","1.0762","0","0.0563","20.5857","18.727"
"05/04/2026 2:00","1.5966","0.053","1.4068","0","0","1.3911","0.5914","0","0","0","0","0.0089","1.4152","1.3883","0","0","0","0","0","1.4282","0","0","0","0","1.4019","0","0","1.4771","0","0","0","0.047","0","0","0","0","1.4154","0","0","0","0","1.3425","0","0","0","0.0425","0.0914","1.3138","0.0315","0","0","0","0.0301","1.0967","0","0.0313","0.0325","0.9061","0","0.046","20.3234","18.5853"
"05/05/2026 0:00","1.4862","0","1.4382","0","0","1.3872","0.6003","0","0","0","0","0","1.3845","1.3738","0","0","0","0","0","1.399","0","0","0","0","1.4332","0","0","1.2199","0","0","0","0","0","0","0.0621","0","1.3951","0","0","0","0","1.3203","0","0","0","0","0.1072","1.2367","0.0411","0.0096","0","0","0.032","1.2549","0","0.0299","0.0935","0.9528","0","0.0203","19.6118","18.2778"
"05/06/2026 2:00","1.4942","0","1.4166","0","0","1.4377","0.5741","0","0","0","0","0","0","1.3893","0","0","0","0","0","0","0","0","0","0","1.3318","0","0","1.4117","0.0486","0","0","0","0","0","0.0463","0","1.3591","0","0","0","0","1.3327","0","0","0","0","0.146","1.2388","0.0526","0","0","0.0068","0.047","1.2257","0","0.0411","0.0664","0.9598","0","0","20.346","15.6263"
"05/07/2026 0:00","1.5329","0.0476","1.3594","0","0","1.4216","0.6139","0","0","0","0","0","0","1.3619","0","0","0","0","0","0","0","0","0","0","1.1061","0","0","1.4689","0","0","0","0.0752","0","0","0","0","1.3519","0","0","0","0","1.3026","0.0607","0","0","0","0.0981","1.1822","0","0","0","0.0266","0.0269","1.1021","0","0","0.0666","0.7829","0","0.0563","19.7829","15.0444"
"05/08/2026 2:00","1.6262","0.0617","1.433","0","0","1.3888","0.5916","0","0","0","0","0","0","1.3708","0","0","0","0","0.0107","0","0","0","0","0","1.3675","0","0","1.3701","0","0","0","0","0","0","0","0","1.4294","0","0","0","0","1.3572","0","0","0","0","0.1437","1.2227","0.0409","0.0096","0","0.0154","0.028","1.1285","0","0.0404","0.0465","0.9374","0","0.0621","20.4102","15.6822"
"05/09/2026 0:00","1.4751","0.0701","1.3537","0","0","1.3581","0.5761","0","0","0.0093","0","0","0","0","0","0","0","0","0","0","0","0","0","0","1.2682","0","0","1.3664","0","0","0","0.0404","0","0","0","0","1.3921","0","0","0","0","1.2815","0","0","0","0","0.0318","1.1832","0.0315","0","0","0","0.0168","1.09","0","0.0292","0.1243","0.9916","0","0.061","19.3745","13.7504"
"05/10/2026 2:00","1.5903","0","1.3578","0","0","1.3444","0.5862","0","0","0","0","0","0","1.3319","0","0","0","0","0","0.0225","0","0","0","0","1.0717","0","0","1.3811","0","0","0","0.0477","0","0","0","0","1.3107","0","0","0","0","1.3271","0","0","0.0091","0","0.1278","1.1638","0.0208","0","0","0","0","1.054","0.0561","0.0185","0.0638","0.7956","0.0077","0.039","19.3426","14.7276"
"05/10/2026 3:00","1.6142","0","1.3708","0","0","1.4195","0.6032","0","0","0","0","0","1.3813","0","0","0","0","0","0","1.3888","0","0","0","0","0.9376","0","0","1.3921","0","0","0","0","0","0","0","0","1.4332","0","0","0","0","1.3706","0","0","0","0","0.0939","1.2928","0","0","0","0","0.0189","1.2493","0","0","0.0456","0.9801","0","0.0414","19.5802","16.6333"
"05/11/2026 0:00","1.4994","0","1.369","0","0","1.343","0.555","0","0","0","0","0","0","1.3594","0","0.0173","0","0","0","0","0","0","0","0","1.1949","0","0","1.396","0","0","0","0.029","0","0","0","0","1.3304","0","0","0","0","1.3255","0","0.0089","0","0","0.1451","1.189","0.0418","0","0","0.0334","0","1.1189","0","0.0383","0.111","0.8173","0.0381","0.0766","19.4499","15.0373"
"05/12/2026 2:00","1.5534","0","1.3578","0","0","1.356","0.5595","0","0","0","0","0.0075","1.3658","1.3269","0","0","0","0","0","1.3783","0","0","0","0","1.2133","0","0","1.3958","0","0","0","0","0","0","0.0315","0","1.3579","0","0","0","0","1.3234","0","0.0353","0","0","0.2164","1.1864","0.0173","0","0","0.0157","0","1.1131","0","0","0.0902","0.878","0","0.0547","19.9169","17.8342"
"05/13/2026 0:00","1.5963","0","1.4156","0","0","1.4175","0.6108","0","0","0","0","0","1.4177","1.3635","0","0","0","0","0","1.4246","0","0","0","1.3804","1.2686","0","0","1.4489","0.0116","0","0","0","0","0","0","0","1.3757","0","0","0","0","1.4526","0.0044","0.002","0","0","0.1569","1.2671","0.0607","0","0","0.0407","0","1.1478","0","0.0136","0.0054","0.9265","0","0.0335","21.6625","19.8424"
"05/14/2026 0:00","1.4698","0","1.4225","0","0","1.3592","0.579","0","0","0","0","0","1.3853","1.3373","0","0","0","0","0","1.406","0.03","0","0","1.3765","1.2926","0","0","1.4016","0","0","0","0","0","0","0.0064","0","1.3493","0","0","0","0","1.335","0","0","0","0","0.1354","1.1892","0.0155","0.0054","0.0178","0.0064","0","1.0871","0","0.0131","0.0779","0.817","0","0.0037","20.687","19.119"
"05/15/2026 2:00","1.5076","0","1.3844","0","0","1.353","0.5745","0","0","0","0","0","1.3468","1.3064","0","0","0","0","0","1.3394","0","0","0","1.3371","0.9324","0","0.0064","1.3629","0.0109","0","0.0173","0","0","0","0","0","1.3004","0","0","0","0","1.2856","0","0","0","0","0.1164","1.2148","0.0851","0.02","0","0","0.0113","1.0987","0","0.0064","0.0111","0.8039","0","0","20.3978","18.4328"
"05/16/2026 0:00","1.4586","0","1.387","0","0","1.4198","0.5825","0","0","0","0","0","1.3908","1.3832","0","0","0","0","0","1.421","0.0326","0","0","1.3425","1.2237","0","0","1.3922","0","0","0","0.0155","0","0","0","0","1.3293","0","0.0086","0","0","1.367","0","0","0","0","0.132","1.2131","0.0427","0","0","0","0","1.0681","0","0.0039","0.096","0.851","0","0","20.6438","19.1611"
"05/17/2026 2:00","1.5274","0","1.363","0","0","1.3701","0.5887","0","0","0","0","0","1.3901","1.3563","0","0","0","0","0.0093","1.387","0","0.0162","0","1.3742","0.999","0","0","1.2361","0","0","0.0294","0","0","0","0","0.0163","1.336","0","0","0","0","1.3281","0","0","0","0","0.0878","1.1904","0","0.0069","0","0","0.0306","1.0927","0.0086","0","0.0427","0.7743","0","0","19.8769","18.5612"
"05/17/2026 3:00","1.4479","0","1.3661","0","0","1.4384","0.5814","0","0","0","0","0","1.3968","1.4046","0","0","0","0","0","1.3658","0","0","0","1.4108","0.6707","0","0","1.4958","0","0.0101","0","0","0.0183","0","0","0","1.3875","0","0","0","0","1.4724","0","0","0","0","0.0249","1.2958","0","0","0","0","0.0249","1.2755","0.018","0.0099","0.0301","0.9645","0","0","20.8626","19.1102"
"05/18/2026 0:00","1.5668","0","1.406","0","0","1.3837","0.6244","0","0","0","0","0","1.4158","1.3689","0","0","0","0","0","1.3528","0","0","0","1.3754","0.6729","0","0","1.3609","0","0","0","0.0215","0","0","0","0","1.2681","0","0","0","0","1.4768","0","0","0.0067","0","0.0081","1.1865","0","0","0.0064","0.0197","0.0224","1.0382","0","0.0064","0.0318","0.776","0.0044","0.0227","20.4324","18.4233"
"05/19/2026 2:00","1.5452","0","1.4367","0","0","1.4436","0.6313","0","0","0","0","0","1.4522","1.4379","0","0","0","0","0","1.4451","0","0","0","1.4118","1.2891","0","0","1.447","0","0","0","0","0","0","0","0.0143","1.4085","0","0","0","0","1.3712","0","0","0","0","0.1275","1.2486","0.0244","0.0052","0.0037","0","0","1.0952","0","0","0.0676","0.8537","0","0","21.5707","19.7598"
"05/20/2026 0:00","1.5704","0","1.4562","0","0","1.3875","0","0","0","0","0","0","1.4063","1.3877","0","0","0","0","0","1.4108","0","0","0","0","0.8209","0","0","1.4102","0","0","0","0","0","0","0","0","1.4026","0","0","0","0","1.3118","0","0","0","0","0.1507","1.2129","0","0.0106","0","0.0143","0","1.0239","0","0","0.0229","0.8387","0","0.0158","19.4352","16.8542"
"05/21/2026 2:00","1.608","0.0371","1.5105","0","0","1.4753","0.6049","0","0","0","0","0","1.4914","1.4377","0","0","0","0","0","1.451","0","0","0","0","1.1798","0","0","1.4938","0","0","0","0","0","0","0","0","1.4438","0","0","0","0","1.3757","0","0.0069","0","0","0.1376","1.2218","0.0629","0.0099","0","0.0261","0.038","1.0861","0","0.0486","0.0668","0.7706","0","0.0698","20.3875","18.6541"
"05/22/2026 0:00","1.7916","0.0954","1.7043","0.0975","0","1.6841","0.7134","0","0","0","0","0","1.6858","1.6296","0","0","0","0.014","0","1.6955","0","0.0081","0","0","1.7898","0","0","1.8261","0","0","0.054","0.3685","0.0538","0","0","0","1.7398","0","0","0.0358","0.0738","1.6739","0.1312","0.0355","0.0197","0","0.6386","1.4558","0.1865","0","0","0.0794","0.8224","1.3177","0","11.9351","1.3747","2.219","0.0654","0.2997","74.8708","39.3155"
"05/23/2026 2:00","1.6169","0.0342","1.4094","0","0","1.4174","0.5706","0","0","0","0","0","1.423","1.3465","0","0","0","0","0","1.4116","0.0262","0","0","0","1.0934","0","0","1.4739","0","0","0","0.1268","0","0.0317","0","0","1.3787","0","0","0.0266","0","1.3478","0.0458","0","0","0","0.3855","1.2562","0","0.0715","0","0","0.3051","1.0767","0.0169","0","0.29","1.0118","0.0464","0.2276","26.9651","19.4682"
"05/24/2026 0:00","1.5163","0","1.3713","0","0","1.3883","0.5738","0","0","0","0","0","1.3903","1.3431","0","0","0.0198","0","0","1.396","0.0146","0","0","0","1.2055","0","0.0136","1.4331","0","0","0.026","0.1616","0","0","0","0","1.3793","0","0","0","0","1.3061","0.0394","0","0","0","0.3358","1.2066","0.1103","0.0194","0","0.0404","0.2698","1.0777","0","0","0.2665","0.9602","0","0.0924","24.2351","18.9572"
"05/24/2026 1:00","1.557","0","1.4044","0.0419","0","1.3913","0.6115","0","0","0","0","0","1.4124","1.3867","0","0","0","0","0","1.4158","0","0","0","0","0.919","0","0","1.5034","0","0","0","0.1455","0","0","0","0","1.4088","0","0","0","0","1.4024","0.0359","0.0175","0","0","0.2754","1.2985","0.0893","0.0251","0.0388","0.0524","0.2179","1.2667","0","0.0701","0.074","1.048","0","0.1107","24.5433","19.2204"
"05/25/2026 2:00","1.544","0","1.3691","0","0","1.3427","0.03","0","0","0","0","0","1.3903","1.3649","0","0","0","0","0","1.403","0.0222","0","0","0","1.3954","0","0","1.4061","0","0","0","0.1134","0","0","0.0274","0","1.3783","0","0","0","0","1.3175","0","0.0602","0.021","0","0.3834","1.1932","0.1859","0.0371","0","0","0.1905","1.0938","0","0.0994","0.2169","0.9957","0","0.14","23.6119","18.7214"
"05/26/2026 0:00","1.4262","0","1.3607","0","0","1.3385","0.5237","0","0","0","0","0","1.3663","1.3557","0","0","0","0","0","1.4006","0","0","0","0.003","1.3476","0","0","1.4801","0","0","0","0.1591","0","0","0","0","1.4063","0","0","0","0","1.321","0.1462","0.0122","0","0","0.3983","1.2294","0.1668","0","0","0.0408","0.1878","1.0812","0","0.115","0.3239","1.0604","0","0.1462","23.8663","19.397"
"05/28/2026 0:00","1.4552","0","1.3795","0","0","1.3938","0","0","0","0","0","0","1.4122","1.3637","0","0","0","0","0","1.4242","0","0","0","0","1.3383","0","0","1.4628","0","0","0","0.1084","0","0","0","0","1.3797","0","0","0","0","1.3076","0","0.0132","0","0","0.3049","1.1938","0.1175","0","0","0.0245","0.1404","1.1066","0","0.0779","0.2263","0.9149","0","0.1171","21.709","18.2625"
"05/29/2026 2:00","0.1015","0","0","0","0","0","0","0","0","0","0.0102","0","0","0","0","0","0","0","0","0","0","0","0","0","0","0","0","0","0","0","0","0.1404","0","0","0","0","0","0","0","0.0148","0","0","0","0","0","0.0247","0.3164","0","0.1293","0","0","0.0555","0.1342","0","0.0231","0","0.1936","0.0334","0.0167","0.0328","3.8765","1.2266"
"05/30/2026 0:00","1.4723","0","1.3962","0","0","1.3771","0.5564","0","0","0","0.0118","0","1.4162","1.4016","0","0","0","0","0","1.4558","0.009","0","0","0","1.3725","0","0","1.8136","0","0","0","0.0952","0","0","0.0418","0","1.3919","0","0","0","0","1.3049","0","0","0","0","0.3655","1.2816","0.153","0.0103","0","0","0.1159","1.1358","0","0.0818","0.1699","0.9522","0","0.0196","21.4364","19.4019"
"05/31/2026 2:00","1.4649","0","1.3725","0","0","1.3823","0.6016","0","0","0","0","0","1.4156","1.3881","0.009","0","0","0","0","1.464","0","0","0","0","1.3597","0","0","1.4345","0","0","0.0346","0.1016","0","0","0","0","1.3725","0","0","0","0","1.3241","0","0.0173","0","0","0.2812","1.2426","0.1606","0.012","0","0.0175","0.0897","1.108","0","0","0.1861","1.0159","0","0.047","21.1904","18.9029"
"05/31/2026 3:00","1.5598","0","1.3817","0","0","1.3936","0.5812","0","0","0","0","0","1.4346","1.3843","0.0066","0","0","0","0","1.4144","0","0","0","0","1.4552","0","0","1.4737","0","0","0","0.0618","0","0","0","0","1.435","0","0.0398","0","0","1.4733","0","0","0","0","0.2696","1.3888","0.1278","0","0","0","0.1072","1.364","0","0.0243","0.148","1.3036","0","0.0062","22.3464","19.8345"
"06/01/2026 0:00","1.4731","0","1.3683","0","0","1.3982","0.5446","0","0","0","0","0","1.426","1.3855","0","0","0","0","0","1.4458","0.022","0","0","0","1.4249","0","0","1.4745","0","0","0","0.0924","0","0","0","0","1.4372","0","0","0","0","1.3226","0","0.0433","0","0","0.2527","1.2175","0.115","0","0","0","0.108","1.1385","0","0.0344","0.1554","0.941","0","0.0439","20.9483","18.8648"
"06/02/2026 2:00","1.4799","0","1.3843","0","0","1.3655","0.5588","0","0","0","0","0","1.406","1.3703","0","0","0","0","0.0092","1.4244","0","0","0","0","1.3455","0","0","1.4714","0","0","0","0.0928","0","0","0","0","1.3766","0","0","0","0","1.3098","0","0.0109","0.0091","0","0.3486","1.2109","0.1222","0","0","0.0338","0.0884","1.1154","0","0.0313","0.1841","0.9114","0.0062","0","20.1906","18.6668"
"06/03/2026 0:00","1.5097","0","1.3425","0","0","1.3689","0.551","0","0","0","0","0","1.3775","1.3923","0","0","0","0","0","1.4168","0","0","0","0","1.4012","0","0","1.4348","0","0","0","0.0375","0","0","0","0","1.4061","0","0","0","0","1.3115","0","0","0","0","0.3655","1.2208","0.1284","0.0233","0","0.0212","0.0841","1.1041","0","0.0431","0.1606","0.8652","0","0.0651","20.6652","18.6312"
"06/04/2026 2:00","1.4787","0","1.3561","0","0","1.3459","0.593","0","0","0","0","0","1.3847","1.3651","0","0","0","0","0","1.4278","0","0","0","0","1.3789","0","0","1.4366","0","0","0","0.106","0","0","0","0","1.3587","0","0","0.0225","0","1.3239","0.0408","0","0","0","0.2902","1.2101","0.1171","0","0","0.067","0.0668","1.0719","0","0","0.1303","0.8611","0","0.0464","20.2902","18.4796"
"06/05/2026 0:00","1.4474","0","1.3365","0","0","1.3877","0.5672","0","0","0","0","0","1.4012","1.3569","0","0","0","0","0","1.3845","0","0","0","0","1.3239","0","0","1.4799","0","0","0","0.0866","0","0","0","0","1.3764","0","0","0","0","1.3319","0.0361","0","0.015","0","0.1981","1.1985","0.1185","0.015","0","0.0179","0.0833","1.1233","0","0.0579","0.1501","0.9439","0.0076","0.0169","20.6654","18.4622"
"06/06/2026 2:00","1.4819","0","1.3753","0","0","1.3377","0.5562","0","0","0","0","0","1.3677","1.3615","0","0","0","0.0132","0","1.4146","0.0354","0","0","0","1.3323","0","0","1.444","0","0","0","0.0989","0","0","0","0","1.3579","0","0","0","0","1.2971","0","0","0","0","0.2606","1.1979","0.1243","0.0085","0","0.0338","0.0744","1.1488","0.0237","0.048","0.1641","0.9079","0","0.0307","20.4803","18.4964"
"06/07/2026 0:00","1.4244","0","1.3407","0","0","1.4082","0.5642","0","0","0","0","0","1.3919","1.3653","0","0","0","0","0","1.3994","0","0","0","0","1.3599","0","0","1.3981","0","0","0","0.0802","0","0","0","0","1.3375","0","0","0","0","1.3327","0","0.0313","0","0","0.2099","1.194","0.1492","0.0336","0","0.0107","0.0798","1.1361","0","0.0495","0.1336","0.8914","0.028","0.0334","20.0348","18.383"
"06/07/2026 1:00","1.4839","0.0208","1.4142","0","0","1.3968","0.537","0","0","0","0","0","1.4266","1.3745","0","0","0","0","0.0124","1.418","0","0","0","0","0.9975","0","0","1.4558","0","0","0","0.0674","0","0","0","0","1.397","0","0","0","0","1.3946","0","0","0","0","0.2268","1.2991","0.0994","0.0085","0","0.0068","0.0917","1.303","0","0.0165","0.1814","1.2583","0.0101","0","20.6786","18.8981"
"06/08/2026 2:00","1.4614","0","1.3425","0","0","1.3675","0.5684","0","0","0","0","0","1.3996","1.3569","0","0","0","0.0092","0","1.396","0","0","0","0","1.1711","0","0","1.4527","0","0","0","0.0905","0","0","0","0","1.3715","0","0","0","0","1.3453","0","0.0103","0","0","0.196","1.1427","0.0967","0.019","0","0","0.0728","1.0074","0","0.0511","0.1934","0.7745","0","0","19.5412","17.8965"
"06/09/2026 0:00","1.4444","0","1.3595","0","0","1.3789","0.577","0","0","0","0","0","1.4094","1.3539","0","0","0","0","0","1.3823","0","0","0","0","1.3498","0","0","1.4638","0","0","0","0.1128","0","0","0","0","1.3313","0","0","0","0","1.3245","0","0","0","0","0.1936","1.1934","0.0851","0","0","0.0219","0.0695","1.0505","0","0.0336","0.1721","0.8359","0.0085","0","19.6196","18.1517"
"06/10/2026 2:00","1.4398","0","1.3537","0","0","1.3797","0.5488","0","0","0","0","0","1.4136","1.3641","0","0","0","0","0","1.3974","0","0","0","0","1.3612","0","0","1.5028","0","0","0","0.0342","0","0","0","0","1.3875","0","0","0","0","1.3036","0","0","0","0","0.2014","1.2416","0.1161","0.0132","0.0284","0.0293","0.0891","1.1018","0","0.0833","0.1361","0.8868","0","0.0334","20.3459","18.4469"
"06/11/2026 0:00","1.4691","0","1.3585","0","0","1.4094","0.5782","0","0","0","0","0","1.4266","1.3964","0","0","0","0","0","1.4038","0","0.0066","0","0","1.2255","0","0","1.6052","0","0","0","0.1148","0","0","0","0","1.3529","0","0","0","0","1.3034","0","0","0","0","0.2437","1.1565","0.0769","0","0","0.0196","0.0833","0.9932","0","0.0474","0.1457","0.7722","0","0","19.3434","18.1889"
"06/12/2026 2:00","1.5173","0","1.4176","0","0","1.399","0.5848","0","0","0","0","0","1.4206","1.3761","0","0","0","0","0","1.4358","0.0222","0","0","0","1.3603","0","0","1.4143","0","0","0","0.0517","0","0","0","0","1.3954","0","0","0","0.0258","1.3354","0","0","0","0","0.2723","1.1973","0.1132","0.035","0","0.0353","0.0623","1.1051","0","0.0476","0.126","0.8169","0","0.082","20.2788","18.6493"
"06/13/2026 0:00","1.5017","0","1.3769","0.0659","0","1.404","0.5508","0","0","0","0","0","1.4058","1.3713","0","0","0.0076","0","0","1.4178","0","0","0","0","1.3723","0","0","1.4092","0","0","0","0","0","0","0","0","1.3861","0","0","0","0","1.349","0","0.0456","0","0.0173","0.2785","1.1732","0.1288","0","0","0","0.0649","1.035","0","0","0.106","0.8207","0","0.1295","20.2949","18.4179"
"06/14/2026 2:00","1.4348","0","1.4048","0","0","1.4066","0.5478","0","0","0","0","0","1.4226","1.3795","0","0","0","0","0","1.4256","0.0132","0","0","0","1.3585","0","0","1.4001","0","0","0","0.0754","0","0","0","0","1.3956","0","0","0","0","1.2946","0","0","0","0","0.2975","1.2099","0.1406","0","0","0.0181","0.1119","1.0961","0","0.0274","0.1325","0.8015","0","0","19.9754","18.3946"
"06/14/2026 3:00","1.4757","0","1.4074","0","0","1.3819","0.5424","0","0.0112","0","0","0","1.4122","1.3861","0","0","0","0","0","1.4054","0","0","0","0","1.348","0","0","1.49","0","0","0","0.0627","0","0","0","0","1.45","0","0","0","0","1.3824","0","0","0","0","0.1886","1.3309","0.1078","0","0","0","0.0466","1.2389","0","0.0416","0.094","1.0427","0","0","20.4303","18.8465"
"06/15/2026 0:00","1.4683","0","1.3473","0","0","1.3741","0.5458","0","0","0","0","0","1.3992","1.3845","0","0","0","0","0","1.416","0","0","0","0","1.4315","0","0","1.451","0","0","0","0.059","0","0","0","0","1.3818","0","0","0","0","1.3179","0","0.0101","0","0","0.2793","1.1989","0.0886","0","0","0","0.0517","1.1084","0","0.0301","0.1309","0.8411","0","0","19.9867","18.3155"
"06/16/2026 2:00","1.541","0","1.3621","0","0","1.3687","0.5388","0","0","0","0","0","1.4044","1.3663","0","0","0","0","0","1.415","0","0","0","0","1.409","0","0","1.4378","0","0","0","0.0878","0","0","0","0","1.4302","0","0","0","0","1.3504","0","0","0","0","0.3362","1.1987","0.0981","0","0","0.014","0.0573","1.1282","0","0.0134","0.1072","0.8532","0","0.0517","20.2203","18.5695"
"06/17/2026 0:00","1.396","0","1.3523","0.0216","0","1.3427","0.5532","0","0","0","0","0","1.395","1.3715","0","0","0","0","0","1.3895","0","0","0","0","1.3379","0","0","1.3882","0","0","0","0.0783","0","0","0","0","1.3634","0","0","0","0.0381","1.2801","0","0","0","0","0.2938","1.1593","0.0905","0","0","0.0089","0.0412","1.0019","0","0.0336","0.167","0.832","0","0","19.5005","17.936"
"06/18/2026 2:00","1.4318","0","1.3505","0","0","1.3823","0.5702","0","0","0","0","0","1.3801","1.3333","0","0","0","0","0","1.4186","0.0509","0","0","0","1.2245","0","0","1.4424","0.0357","0","0","0.0987","0","0","0","0","1.3484","0","0","0","0","1.2828","0","0.0192","0","0","0.3228","1.155","0.0893","0","0","0.0287","0.0998","1.0561","0","0.0503","0.2233","0.8153","0.0183","0","19.8953","18.2283"
"06/19/2026 0:00","1.5245","0","1.3781","0","0","1.3729","0.5854","0","0","0","0","0","1.3759","1.3775","0","0","0","0","0","1.3938","0.013","0","0","0","1.0161","0.0509","0.0641","1.4016","0","0","0","0.0771","0","0","0","0","1.3855","0","0","0","0.0425","1.343","0","0.0183","0","0","0.3375","1.1587","0","0","0","0.0299","0.0433","1.0373","0","0.0383","0.1548","0.7355","0","0.0379","20.2318","17.9934"
"06/20/2026 2:00","1.3865","0","1.3523","0","0","1.3773","0.5484","0","0","0","0","0","1.3883","1.3383","0","0","0","0","0","1.3831","0","0","0","0","1.3504","0","0","1.4007","0","0","0","0.0954","0","0","0","0","1.3929","0","0","0","0","1.3045","0","0","0","0","0.4051","1.1806","0.1084","0.0303","0.013","0.0235","0.0565","1.1528","0","0.0375","0.1571","0.8635","0","0.0264","20.0427","18.3728"
"06/21/2026 0:00","1.3803","0","1.3343","0","0","1.3593","0.5438","0","0","0","0","0","1.3697","1.3373","0","0","0","0","0","1.3709","0","0","0","0","1.3531","0","0","1.4774","0","0","0","0.1239","0","0","0","0","1.3529","0","0","0","0","1.2857","0","0.0233","0","0","0.3785","1.222","0.1375","0","0","0.0365","0.0548","1.1482","0.0188","0.0503","0.1697","0.9124","0","0.0192","20.0571","18.4598"
"06/21/2026 1:00","1.4456","0","1.3515","0","0","1.3541","0.5644","0","0","0","0","0","1.4094","1.3909","0","0","0","0","0","1.4286","0","0","0","0","1.3506","0","0","1.4723","0","0","0","0.0579","0","0","0","0","1.3896","0","0","0","0","1.3863","0","0","0","0","0.3304","1.3362","0.08","0","0","0.0301","0.048","1.3276","0","0.0363","0.1655","1.1472","0","0","20.716","19.1025"
"06/22/2026 12:00","1.2844","0","1.2207","0","0","1.1728","0.4947","0","0","0","0","0","1.2481","1.1791","0","0","0","0","0","1.2237","0","0","0","0","1.2371","0","0","1.2509","0","0","0","0.1249","0","0","0","0","1.2313","0","0","0","0","1.1558","0","0.0241","0","0","0.2558","1.0977","0.0868","0","0","0.0221","0.0926","1.0771","0","0.0313","0.1424","0.82","0","0","18.4048","16.4734"
"06/23/2026 0:00","1.4178","0","1.2774","0","0","1.2764","0.5257","0","0","0.0078","0","0","1.3227","1.2968","0","0","0","0","0","1.3321","0","0","0","0","1.3393","0","0","1.3022","0","0","0","0.0623","0","0","0","0","1.336","0","0","0","0","1.2639","0","0.0412","0","0","0.2465","1.1633","0.1097","0.026","0","0","0.0884","1.0915","0.0163","0","0.1165","0.8765","0","0.0476","19.0683","17.5839"
"06/24/2026 2:00","1.5051","0","1.3972","0","0","1.4022","0.5632","0","0","0","0","0","1.429","1.3934","0","0","0","0","0","1.411","0","0","0","0","1.4123","0","0","1.4242","0","0","0.0202","0.041","0","0","0","0","1.3659","0","0","0","0","1.3241","0.0447","0.0484","0","0","0.4284","1.2041","0.1189","0.026","0","0.0072","0.0674","1.1222","0","0.0385","0.202","0.9142","0.0087","0.0072","20.6127","18.9267"
"06/25/2026 0:00","1.5091","0","1.3917","0","0","1.417","0.5472","0","0","0","0","0","1.3919","1.3789","0","0","0","0.0098","0","1.4072","0","0","0","0","1.3706","0","0","1.456","0","0","0","0.0709","0","0","0","0","1.3628","0","0","0","0","1.3333","0","0","0","0","0.2865","1.2465","0.1144","0","0","0.0418","0.0917","1.1371","0.0072","0.0435","0.1492","0.9177","0","0","20.65","18.682"
"06/26/2026 2:00","1.4034","0","1.3535","0","0","1.3727","0.5596","0","0","0","0","0","1.404","1.3915","0","0","0","0","0","1.4012","0","0","0","0.3751","1.4209","0","0","1.428","0","0","0","0.074","0","0","0","0","1.3599","0","0","0","0","1.3228","0","0.0101","0.0181","0","0.3375","1.2472","0.1192","0.0138","0","0.0287","0.0998","1.16","0","0.0369","0.1727","0.9514","0","0","20.6008","19.062"
"06/27/2026 0:00","1.4106","0","1.3992","0","0","1.3529","0.5372","0","0","0","0","0","1.4058","1.3829","0","0","0","0","0","1.4234","0","0","0","0","1.3933","0","0","1.4082","0","0","0","0.094","0","0","0","0","1.3533","0","0","0","0","1.3307","0","0","0","0","0.337","1.2546","0.1255","0","0","0.0284","0.0571","1.2018","0.0278","0.055","0.1113","0.899","0","0","20.2355","18.589"
"06/28/2026 2:00","1.3982","0","1.3509","0.0288","0","1.3677","0.5496","0","0","0","0","0","1.4172","1.3803","0","0","0","0","0","1.401","0","0","0","0","1.388","0","0","1.4644","0","0","0","0.1198","0","0","0","0","1.3533","0","0","0","0","1.3096","0","0","0","0","0.3218","1.24","0.0763","0","0","0.0317","0.0497","1.1251","0","0","0.1451","0.907","0","0","19.757","18.4255"
"06/28/2026 3:00","1.425","0","1.3839","0","0","1.3761","0.5434","0","0","0","0","0","1.4136","1.4044","0","0","0","0","0","1.4594","0.02","0","0","0","1.4409","0","0","1.4545","0","0","0","0.0427","0.0233","0","0","0","1.4135","0","0","0","0","1.4028","0","0","0","0","0.2049","1.3348","0.0705","0","0","0.0169","0.0569","1.3193","0","0.0447","0.1903","1.1897","0","0.0113","20.8228","19.2428"
"06/29/2026 0:00","1.3962","0","1.3819","0","0","1.3699","0.5554","0","0","0","0","0","1.3807","1.3645","0","0","0","0","0","1.408","0","0","0","0","1.402","0","0","1.6425","0","0","0","0.0495","0","0","0","0","1.3785","0","0","0","0","1.3179","0","0","0","0","0.2964","1.1647","0.0946","0.0068","0","0.0431","0.035","1.0464","0","0","0.2092","0.7741","0.006","0.0274","19.4298","18.3507"
"06/30/2026 2:00","1.4897","0","1.3471","0","0","1.3807","0.5708","0","0","0","0","0","1.42","1.3769","0","0","0","0","0","1.4322","0","0","0","0","1.4028","0","0","1.4061","0","0","0","0.0594","0","0","0","0","1.3904","0","0","0","0","1.3189","0","0.0251","0.0231","0","0.2536","1.2078","0.0909","0","0","0.0392","0.0639","1.082","0","0","0.1554","0.874","0","0.0243","20.0641","18.4343"
"07/01/2026 0:00","1.4683","0","1.3461","0","0","1.3539","0.5752","0","0","0","0","0","1.4138","1.3651","0","0","0","0","0.0118","1.4544","0.0296","0","0","0.1927","1.3781","0","0","1.4016","0","0","0","0.0425","0","0","0","0","1.4201","0","0","0","0","1.3276","0","0.0208","0.0122","0.0076","0.2971","1.2033","0.1115","0.0136","0.0111","0","0.08","1.0812","0","0.0383","0.1824","0.8858","0","0.0334","20.2933","18.7591"
"07/02/2026 2:00","1.4218","0","1.3855","0","0","1.3719","0.5398","0","0","0","0","0.0258","1.3899","1.3615","0","0","0","0","0.0248","1.4274","0","0","0","0","1.3913","0","0","1.4418","0","0","0","0","0","0","0","0","1.3843","0","0","0","0","1.3302","0","0","0","0","0.275","1.2022","0.0903","0.0324","0","0.039","0.0792","1.0971","0","0.0311","0.1659","0.9107","0.0163","0.0472","19.8999","18.4824"
"07/03/2026 0:00","1.4628","0","1.3627","0","0","1.3681","0.5586","0","0","0","0","0","1.3897","1.3763","0","0","0","0","0","1.3855","0.008","0","0","0","1.3698","0","0","1.4348","0","0","0","0.0588","0","0","0","0","1.3614","0","0","0","0","1.3199","0","0","0","0.0087","0.3418","1.2144","0.1159","0","0","0","0.0332","1.1453","0","0.0511","0.1653","0.8996","0","0.0511","20.1095","18.4828"
"07/04/2026 2:00","1.4404","0","1.4126","0","0","1.3799","0.5804","0","0","0","0","0.0156","1.3972","1.3847","0","0","0","0","0","1.4374","0.0236","0","0","0","1.3781","0","0.0239","1.3919","0","0","0","0.0686","0","0","0","0","1.4007","0","0","0","0","1.3383","0","0.0132","0","0","0.2402","1.2375","0.1103","0","0.0099","0.0216","0.0489","1.1235","0","0.0398","0.1783","0.8907","0","0.0256","20.076","18.6128"
"07/05/2026 0:00","1.4204","0","1.3339","0","0","1.3621","0.5566","0","0","0","0","0","1.3891","1.3723","0","0","0","0","0","1.4753","0.0475","0","0","0","1.4121","0","0","1.436","0","0","0","0.0746","0","0","0","0","1.3867","0","0","0","0","1.3177","0","0","0","0","0.3335","1.2389","0.121","0.0105","0","0","0.0332","1.1266","0","0.0437","0.1744","0.0058","0.0235","0.0109","20.1103","17.7063"
"07/05/2026 1:00","1.5416","0","1.3919","0","0","1.3805","0.5762","0","0","0","0","0","1.4412","1.3927","0","0","0","0","0","1.4222","0","0","0","0","1.2686","0","0","1.504","0","0","0","0","0","0","0","0","1.4154","0","0","0","0","1.3875","0.0451","0.0155","0","0","0.2123","1.3195","0.0802","0","0.0165","0.0167","0.0625","1.2432","0","0.0355","0.1286","1.1103","0","0.006","20.8132","19.0137"
"07/06/2026 2:00","1.4897","0","1.3893","0","0","1.3703","0.5468","0","0","0","0","0","1.3986","1.3637","0","0","0","0","0","1.4024","0","0","0","0.1638","1.3467","0","0","1.4028","0","0","0","0.0371","0","0","0","0","1.3789","0","0","0","0.0249","1.3201","0","0.0113","0","0","0.3152","1.1897","0.0963","0","0","0","0.0441","1.0728","0","0.0239","0.181","0.8926","0","0.047","20.2719","18.509"
"07/07/2026 0:00","1.4454","0","1.3847","0","0","1.402","0.5584","0","0","0","0","0","1.3689","1.3827","0","0","0","0","0","1.4126","0","0","0","0.1652","1.4012","0","0","1.4269","0","0","0","0.028","0","0","0","0","1.3667","0","0","0","0","1.2981","0","0","0","0","0.2686","1.2445","0.0888","0.0076","0","0.0233","0.0596","1.1719","0","0","0.1307","0.9155","0","0","19.8687","18.5513"
"07/08/2026 16:00","1.3565","0","1.3397","0","0","1.3801","0.5638","0","0","0","0","0","1.3611","1.3481","0","0","0","0","0","1.402","0","0","0","1.2229","1.3966","0","0","1.3993","0","0","0","0.0441","0","0","0","0","1.4902","0","0","0","0","1.3523","0.0462","0.0163","0","0","0.24","1.2608","0.1171","0","0","0.0196","0.0862","1.2812","0","0","0.1643","1.055","0.0227","0.0872","22.288","20.0533"
"07/09/2026 0:00","1.3771","0","1.3705","0.0583","0","1.3701","0.5656","0.0162","0","0","0","0","1.4064","1.3613","0","0","0","0","0","1.405","0","0","0","0.9351","1.3478","0","0","1.4065","0","0","0","0.1181","0","0","0","0","1.4273","0","0","0","0.0229","1.3657","0","0","0","0","0.2789","1.2529","0.1016","0","0","0.0499","0.0633","1.1979","0","0.0592","0.149","0.9757","0.0392","0.1189","21.6882","19.8404"
"07/10/2026 2:00","1.3381","0","1.3525","0","0","1.3595","0.5638","0","0","0","0","0","1.3497","1.3483","0","0","0","0.0068","0","1.4074","0.0244","0","0","0.7364","1.321","0","0","1.3886","0","0","0","0.0674","0","0","0","0","1.4997","0","0","0","0","1.3539","0","0","0","0","0.247","1.2152","0.0891","0.0161","0.0107","0.0272","0.0526","1.1509","0","0.0515","0.1391","0.9406","0.0181","0.0765","21.1553","19.1521"
"07/11/2026 0:00","1.3377","0","1.3659","0","0","1.3523","0.5384","0","0","0","0.0094","0.0186","1.3787","1.3473","0","0","0","0","0.0288","1.3988","0","0","0","0.9141","1.4244","0","0","1.3925","0","0","0","0.0666","0","0","0","0","1.4851","0","0","0","0","1.3587","0.0408","0.0623","0.0058","0","0.3647","1.2218","0.1325","0","0","0.0204","0.0517","1.1878","0.032","0.0519","0.2626","0.0563","0.0355","0.1282","22.27","19.0716"
"07/12/2026 2:00","1.3319","0","1.3691","0","0","1.3411","0.5852","0","0","0","0","0","1.3747","1.3467","0","0","0","0","0","1.3613","0","0","0","0.4903","1.3373","0","0","1.4403","0","0","0","0.0371","0","0","0","0","1.4119","0","0","0","0","1.3063","0.0344","0","0","0","0.2226","1.2055","0.1051","0.0159","0","0.0336","0.0346","1.122","0","0.0381","0.1247","0.9278","0","0.0633","20.0834","18.6608"
"07/12/2026 3:00","1.4148","0","1.3627","0","0","1.3671","0.5852","0","0","0","0","0","1.3944","1.3773","0","0","0","0","0","1.3893","0","0","0","0.3517","1.3513","0","0","1.4512","0","0","0","0","0","0","0","0","1.4294","0","0","0","0","1.4477","0","0","0","0","0.2319","1.35","0.0769","0","0","0.046","0.0594","1.2822","0","0","0.0921","1.121","0","0.0575","20.6457","19.2391"
"07/13/2026 0:00","1.3535","0","1.3659","0","0","1.3671","0.5366","0","0","0","0","0","1.3831","1.3547","0","0","0","0","0","1.393","0","0","0","0.8119","1.3875","0","0","1.4224","0","0","0","0.0641","0.055","0","0","0.0163","1.4811","0","0","0","0","1.3478","0","0","0","0","0.3492","1.2501","0.1253","0","0","0.0122","0.0353","1.2385","0","0.0307","0.1676","0.9666","0.0177","0.0555","21.28","19.5887"
