"","ETHANE(SITE-LP_LakePark) PPBC","ETHYLENE(SITE-LP_LakePark) PPBC","PROPANE(SITE-LP_LakePark) PPBC","PROPYLENE(SITE-LP_LakePark) PPBC","ISO-BUTANE(SITE-LP_LakePark) PPBC","N-BUTANE(SITE-LP_LakePark) PPBC","ACETYLENE(SITE-LP_LakePark) PPBC","TRANS-2-BUTENE(SITE-LP_LakePark) PPBC","1-BUTENE(SITE-LP_LakePark) PPBC","CIS-2-BUTENE(SITE-LP_LakePark) PPBC","CYCLOPENTANE(SITE-LP_LakePark) PPBC","ISO-PENTANE(SITE-LP_LakePark) PPBC","N-PENTANE(SITE-LP_LakePark) PPBC","1,3-BUTADIENE(SITE-LP_LakePark) PPBC","TRANS-2-PENTENE(SITE-LP_LakePark) PPBC","1-PENTENE(SITE-LP_LakePark) PPBC","CIS-2-PENTENE(SITE-LP_LakePark) PPBC","2,2-DIMETHYLBUTANE(SITE-LP_LakePark) PPBC","2,3-DIMETHYLBUTANE(SITE-LP_LakePark) PPBC","2-METHYLPENTANE(SITE-LP_LakePark) PPBC","3-METHYLPENTANE(SITE-LP_LakePark) PPBC","ISOPRENE(SITE-LP_LakePark) PPBC","2-METHYL-1-PENTENE(SITE-LP_LakePark) PPBC","1-HEXENE(SITE-LP_LakePark) PPBC","N-HEXANE(SITE-LP_LakePark) PPBC","METHYLCYCLOPENTANE(SITE-LP_LakePark) PPBC","2,4-DIMETHYLPENTANE(SITE-LP_LakePark) PPBC","BENZENE(SITE-LP_LakePark) PPBC","CYCLOHEXANE(SITE-LP_LakePark) PPBC","2-METHYLHEXANE(SITE-LP_LakePark) PPBC","2,3-DIMETHYLPENTANE(SITE-LP_LakePark) PPBC","3-METHYLHEXANE(SITE-LP_LakePark) PPBC","2,2,4-TRIMETHYLPENTANE(SITE-LP_LakePark) PPBC","N-HEPTANE(SITE-LP_LakePark) PPBC","METHYLCYCLOHEXANE(SITE-LP_LakePark) PPBC","2,3,4-TRIMETHYLPENTANE(SITE-LP_LakePark) PPBC","TOLUENE(SITE-LP_LakePark) PPBC","2-METHYLHEPTANE(SITE-LP_LakePark) PPBC","3-METHYLHEPTANE(SITE-LP_LakePark) PPBC","N-OCTANE(SITE-LP_LakePark) PPBC","ETHYLBENZENE(SITE-LP_LakePark) PPBC","M&P-XYLENE(SITE-LP_LakePark) PPBC","STYRENE(SITE-LP_LakePark) PPBC","O-XYLENE(SITE-LP_LakePark) PPBC","N-NONANE(SITE-LP_LakePark) PPBC","ISO-PROPYLBENZENE(SITE-LP_LakePark) PPBC","ALPHA-PINENE(SITE-LP_LakePark) PPBC","N-PROPYLBENZENE(SITE-LP_LakePark) PPBC","M-ETHYLTOLUENE(SITE-LP_LakePark) PPBC","P-ETHYLTOLUENE(SITE-LP_LakePark) PPBC","1,3,5-TRI-M-BENZENE(SITE-LP_LakePark) PPBC","O-ETHYLTOLUENE(SITE-LP_LakePark) PPBC","BETA-PINENE(SITE-LP_LakePark) PPBC","1,2,4-TRI-M-BENZENE(SITE-LP_LakePark) PPBC","N-DECANE(SITE-LP_LakePark) PPBC","1,2,3-TRI-M-BENZENE(SITE-LP_LakePark) PPBC","M-DIETHYLBENZENE(SITE-LP_LakePark) PPBC","P-DIETHYLBENZENE(SITE-LP_LakePark) PPBC","N-UNDECANE(SITE-LP_LakePark) PPBC","N-DODECANE(SITE-LP_LakePark) PPBC","TNMHC(SITE-LP_LakePark) PPBC","TNMTC(SITE-LP_LakePark) PPBC"
"","Ethane","Ethylene","Propane","Propylene","Iso-butane","N-butane","Acetylene","Trans-2-butene","1-butene","Cis-2-butene","Cyclopentane","Iso-pentane","N-pentane","1,3-butadiene","Trans-2-pentene","1-pentene","Cis-2-pentene","2,2-dimethylbutane","2,3-dimethylbutane","2-methylpentane","3-methylpentane","Isoprene","2-methyl-1-pentene","1-hexene","N-hexane","Methylcyclopentane","2,4-dimethylpentane","Benzene","Cyclohexane","2-methylhexane","2,3-dimethylpentane","3-methylhexane","2,2,4-trimethylpentane","N-heptane","Methylcyclohexane","2,3,4-trimethylpentane","Toluene","2-methylheptane","3-methylheptane","N-octane","Ethylbenzene","M&p-xylene","Styrene","O-xylene","N-nonane","Iso-propylbenzene","Alpha-pinene","N-propylbenzene","M-ethyltoluene","P-ethyltoluene","1,3,5-tri-m-benzene","O-ethyltoluene","Beta-pinene","1,2,4-tri-m-benzene","N-decane","1,2,3-tri-m-benzene","M-diethylbenzene","P-diethylbenzene","N-undecane","N-dodecane","TNMHC","TNMTC"
"DATE/TIME","43202","43203","43204","43205","43214","43212","43206","43216","43280","43217","43242","43221","43220","43218","43226","43224","43227","43244","43284","43285","43230","43243","43246","43245","43231","43262","43247","45201","43248","43263","43291","43249","43250","43232","43261","43252","45202","43960","43253","43233","45203","45109","45220","45204","43235","45210","43256","45209","45212","45213","45207","45211","43257","45208","43238","45225","45218","45219","43954","43141","43102","43000"
"08/01/2025 3:00","0","0.0959","0","0","0","0","0","0","0","0","0","0","0","0","0","0","0","0","0","0","0","0","0","0","0.013","0","0","0","0","0","0","0.0425","0","0","0","0","0.0138","0","0","0","0","0.0386","0","0","0","0","0.0459","0","0.0592","0.0138","0","0.0087","0.0913","0.0304","0","0","0.0189","0.004","0","0.0437","2.211","0.5197"
"08/02/2025 1:00","0","0.0872","0","0.0227","0","0","0","0","0","0","0","0","0","0","0","0","0","0","0","0","0","0","0","0","0.0115","0","0","0","0.0068","0","0.0106","0.0951","0","0","0","0","0.0612","0","0","0","0","0.0512","0","0.034","0","0","0.0718","0.0017","0.1085","0","0","0","0.1064","0.027","0","0","0","0.0586","0","0","2.4326","0.7543"
"08/03/2025 4:00","0","0.0874","0","0","0","0","0","0","0","0","0","0","0","0","0","0","0","0","0","0","0.0171","0","0","0","0","0","0","0","0.0136","0.0181","0.0153","0.042","0","0","0","0","0","0","0","0","0","0.0418","0","0","0","0","0.0911","0","0.0575","0","0.0166","0","0.0807","0.0306","0","0","0","0","0","0.0227","2.5127","0.5345"
"08/04/2025 1:00","0","0.8058","0","0","0","0","0","0","0.0202","0","0","0","0","0","0","0","0","0.0097","0","0","0","0","0","0","0","0","0","0","0.0057","0.0115","0.0195","0.117","0","0","0","0","0.0495","0","0","0","0","0.0629","0.0429","0","0","0","0.0735","0","0.0622","0","0","0","0.068","0.0828","0","0.0325","0","0.0153","0.0081","0.0231","3.5916","1.5102"
"08/05/2025 3:00","0","0","0","0","0","0","0","0","0","0","0","0","0","0","0","0","0","0.0068","0","0","0","0","0","0","0","0","0","0.0106","0.0102","0.0206","0.0187","0.0079","0","0","0","0","0","0","0","0","0","0","0","0.0178","0","0","0.0737","0.003","0.0595","0","0","0","0.0758","0.0395","0","0","0","0","0","0","2.1247","0.3441"
"08/06/2025 1:00","0","0.0862","0","0","0","0","0","0","0","0","0","0","0","0","0","0","0","0","0","0","0","0","0","0","0","0","0","0","0","0","0","0.0132","0","0","0","0","0","0","0","0","0","0","0","0","0","0.0064","0.0537","0.004","0.0486","0","0.0244","0","0.0922","0.0259","0","0","0","0.024","0","0","1.9543","0.3786"
"08/07/2025 3:00","0","0.1338","0","0","0","0","0","0","0","0","0","0","0","0","0","0","0","0","0","0","0","0","0","0","0","0","0","0","0.0119","0.0191","0.0091","0.0248","0","0","0","0","0.0308","0","0","0","0","0","0","0.0062","0","0","0.0699","0","0.037","0","0","0","0.0913","0.0072","0","0","0","0","0","0","2.1178","0.4411"
"08/08/2025 1:00","0","0","0","0","0","0","0","0","0","0","0","0","0.0099","0","0","0","0","0","0","0","0","0","0","0","0.014","0","0","0","0.0096","0.0142","0.0045","0.0291","0","0","0","0","0","0","0","0","0","0.048","0","0.0225","0","0","0.1019","0.0059","0.0881","0","0.0062","0","0.0886","0.0353","0","0","0","0","0","0","2.2949","0.4778"
"08/09/2025 3:00","0","0","0","0","0","0","0","0","0","0","0","0","0","0","0","0","0","0","0","0","0","0","0","0","0","0","0","0","0.0051","0.0155","0.013","0.02","0","0","0","0","0","0","0","0","0","0","0","0","0","0","0.0357","0.0068","0.0737","0","0","0","0.1123","0","0","0","0","0","0","0","1.7428","0.2821"
"08/10/2025 2:00","0","0.0592","0","0","0","0","0","0.0249","0","0","0","0","0","0","0","0","0","0","0.0146","0","0","0","0","0","0","0","0","0","0.0087","0.0202","0","0.0231","0","0","0","0","0.0454","0","0","0","0","0.052","0","0.0338","0","0","0.0457","0","0.0183","0","0","0.0293","0.0735","0.0096","0","0.103","0","0","0","0","2.1365","0.5613"
"08/11/2025 3:00","0","0.0474","0","0","0","0","0","0","0","0","0","0","0","0","0","0","0","0","0","0","0","0","0","0","0","0","0","0","0.0102","0.0032","0.0079","0.0291","0","0","0","0","0.028","0","0","0","0","0.0363","0","0","0","0","0.0663","0","0.0121","0","0","0","0.0675","0.0093","0","0","0","0.0202","0.0183","0","1.8682","0.3558"
"08/12/2025 1:00","0","0","0","0","0","0","0","0","0","0","0","0","0","0","0","0","0","0.0111","0","0","0","0","0","0","0","0","0","0.0344","0.0104","0.028","0.0151","0.0093","0","0","0","0.0219","0.0786","0","0","0","0","0.037","0","0.0153","0","0","0.037","0","0.0682","0","0","0.024","0.0711","0.0423","0","0","0","0","0","0","2.7286","0.5037"
"08/12/2025 11:00","0","0","0","0","0","0","0","0","0","0","0","0.0194","0","0","0","0.0276","0","0","0","0","0","0","0","0","0","0","0","0","0.0051","0.0183","0.0183","0.0378","0","0","0","0","0.055","0","0","0","0","0.0849","0","0.0268","0","0","0.0711","0.0064","0.0542","0","0","0.0811","0.1102","0.097","0.0087","0","0","0.0937","0.0185","0.0155","3.4952","0.8496"
"08/13/2025 1:00","0","0","0.8516","0","0","0","0","0","0","0","0","0","0","0","0","0","0","0","0","0","0","0.0089","0","0","0","0","0","0.0085","0","0","0","0.0856","0","0","0","0","0.0508","0","0","0","0","0.076","0","0","0","0","0.037","0.0015","0.0592","0","0.0083","0","0.0992","0.0518","0","0","0","0.0244","0","0","2.8104","1.3628"
"08/13/2025 15:00","0","0.0583","0","0","0","0","0","0","0","0","0.0085","0","0","0","0","0","0","0","0","0","0","0","0","0.0313","0","0","0","0","0.0053","0.0195","0","0.0894","0","0","0","0","0.0467","0","0","0","0","0.1546","0","0","0","0","0.0739","0.0187","0.0393","0","0","0.0093","0.0688","0.1117","0.0244","0","0","0.0896","0.0142","0","2.5928","0.8635"
"08/14/2025 3:00","0","0","0","0","0","0","0","0","0","0","0","0","0","0","0","0","0","0","0","0","0","0","0","0","0","0","0","0","0.0119","0.0153","0.01","0.1036","0","0","0","0","0","0","0","0","0","0","0.1058","0.0289","0.0234","0","0.0474","0.0021","0.0365","0","0","0","0.0832","0.027","0","0","0","0.0157","0","0.0153","2.2374","0.5261"
"08/15/2025 1:00","0","0.0231","0","0","0","0","0","0","0","0","0","0","0","0","0","0","0","0","0","0","0","0","0","0","0","0","0","0","0.01","0.0134","0.0059","0.0034","0","0","0","0","0.031","0","0","0","0","0","0","0","0","0","0.0864","0.003","0.0756","0","0","0.0076","0.141","0.0263","0","0","0","0.0138","0","0.0251","3.0756","0.4656"
"08/15/2025 11:00","0","0.0592","0.9363","0","0","0","0","0","0","0","0","0","0","0","0","0.0148","0.0171","0","0","0","0","0","0","0","0","0","0","0","0.0119","0","0","0.0155","0","0","0","0","0.0229","0","0","0","0","0.0542","0","0","0","0","0.0682","0","0.0448","0.0155","0","0.0125","0.0992","0.0452","0","0","0","0.0106","0","0","2.9955","1.4279"
"08/16/2025 3:00","0","0.0276","1.2874","0","0","0","0","0","0","0","0","0","0","0","0.0144","0","0","0","0","0","0","0","0","0","0","0","0","0.0042","0.0096","0","0","0.1567","0","0","0","0","0","0","0","0","0","0.0582","0","0","0","0","0.0414","0.0104","0.0684","0","0","0","0.0718","0","0","0.0406","0","0","0","0","3.2907","1.7907"
"08/17/2025 2:00","0","0","0","0","0","0","0","0","0","0","0","0","0","0","0","0","0","0","0","0","0","0","0","0","0","0","0","0","0","0","0","0.0469","0","0","0","0","0","0","0","0","0","0.0395","0.0514","0","0","0","0.0435","0.0229","0.055","0","0","0","0.0639","0.0342","0","0","0","0.0236","0","0","3.6261","0.3809"
"08/18/2025 3:00","0","0","0","0","0","0","0","0","0","0","0","0","0","0","0","0","0","0","0","0","0","0","0","0.0074","0","0","0","0.0155","0.0051","0.013","0.0038","0.0115","0","0","0","0","0.021","0","0","0","0","0.037","0","0.0098","0","0","0.059","0.0057","0.0677","0.0291","0","0","0.0561","0.0333","0","0","0","0","0","0","1.9501","0.375"
"08/19/2025 1:00","0","0","0","0","0","0","0","0","0","0","0","0","0","0","0","0","0","0","0","0","0","0","0","0","0","0","0","0.0176","0.0164","0.0147","0.007","0.0166","0","0","0","0","0.0259","0","0","0","0","0","0","0","0","0","0.0499","0.0023","0.0762","0","0","0","0.0605","0.0376","0","0.0113","0","0.0268","0","0","1.9307","0.3628"
"08/20/2025 3:00","0","0","0","0","0","0","0","0","0","0","0","0","0","0","0","0","0","0","0","0","0","0","0","0","0","0","0","0","0","0","0","0.0518","0","0","0","0","0.0444","0","0","0","0","0.0561","0","0","0","0","0.0726","0","0.0529","0","0","0.0155","0.082","0.0193","0","0","0","0.027","0","0","1.6737","0.4216"
"08/21/2025 1:00","0","0","0.824","0","0","0","0","0","0.0109","0","0","0","0","0","0","0","0","0","0","0","0","0","0","0","0","0","0","0","0","0","0","0.0722","0","0","0","0","0.0357","0","0","0","0","0.0325","0","0","0","0","0.0304","0","0.0461","0","0","0","0.0559","0.0406","0","0","0","0.0295","0","0","2.5649","1.1778"
"08/22/2025 3:00","0","0.0276","0","0","0","0","0","0","0","0","0","0","0","0","0","0","0","0","0","0","0","0","0","0","0","0","0","0","0","0","0","0.028","0","0","0","0","0.0361","0.0488","0","0","0","0","0.0263","0","0","0","0.1283","0.0034","0.0588","0","0","0","0.0684","0.0561","0","0","0","0.0306","0","0","4.1508","0.5124"
"08/23/2025 1:00","0","0.0346","0","0","0","0","0","0","0","0","0","0.012","0","0","0","0","0","0","0","0","0","0","0","0","0","0","0","0","0","0","0","0.0537","0","0","0","0","0","0","0","0","0","0.072","0","0","0.0193","0","0.0501","0","0.0263","0","0","0.0072","0.0542","0.0321","0","0","0","0.0121","0","0","3.1307","0.3736"
"08/24/2025 4:00","0","0","0","0","0","0","0","0","0","0","0.0175","0","0","0","0","0","0","0","0","0","0","0","0","0","0","0","0","0.0066","0.007","0.0087","0.0085","0.0085","0","0","0","0","0.0204","0","0","0","0","0.0446","0","0","0","0","0.0554","0.0038","0.0272","0","0","0","0.0612","0.0353","0.0263","0","0.0072","0.0246","0","0","3.3141","0.3628"
"08/25/2025 1:00","0","0.0223","0","0","0","0","0","0","0","0","0","0","0","0","0","0","0.021","0","0","0","0","0","0","0","0","0","0","0","0.0062","0.0085","0.0038","0.0295","0","0","0","0","0","0","0","0","0","0.0429","0","0","0","0","0.044","0.0142","0.0569","0","0","0","0.0559","0.0206","0","0","0","0","0.0229","0","2.0656","0.3487"
"08/26/2025 1:00","0.0903","0","0","0","0","0","0","0","0","0","0","0","0","0","0","0","0","0","0","0","0","0","0","0","0","0","0","0","0","0","0.0181","0.0276","0.0187","0","0","0","0","0","0","0","0","0.0346","0","0.013","0","0","0.0684","0.0087","0.0406","0","0","0","0.052","0.0391","0","0","0.0346","0.0287","0","0","2.6078","0.4744"
"08/27/2025 3:00","0.0707","0","0.1262","0","0","0","0","0","0","0","0","0","0","0","0","0","0","0","0","0","0","0","0","0","0","0","0","0","0.0132","0.0053","0.0217","0.0191","0","0","0","0","0","0","0","0","0","0.0378","0.0639","0","0","0","0.0478","0.0068","0.0822","0","0","0.0087","0.0575","0.024","0","0","0","0","0","0","2.7269","0.5849"
"08/28/2025 1:00","0.0614","0","0","0","0","0","0","0","0","0","0","0","0","0","0","0","0","0","0","0","0","0","0","0","0","0","0","0","0","0","0","0.0168","0","0","0","0","0.0176","0","0","0","0","0.123","0.1109","0","0","0","0.0508","0","0.0418","0","0","0","0.0403","0.0329","0","0","0","0.0257","0","0.0123","2.5259","0.5335"
"08/29/2025 3:00","0.1239","0","0","0","0","0","0","0","0","0","0","0","0","0","0","0","0.0132","0","0","0","0.014","0","0","0","0.0102","0","0","0","0.0299","0.0197","0","0.0641","0","0","0","0","0","0","0","0","0","0.0648","0","0","0","0.014","0.0493","0.0057","0.0427","0","0","0","0.0639","0.0119","0","0","0","0","0.0121","0","2.6331","0.5394"
"08/30/2025 1:00","0.1212","0","0","0","0","0","0","0","0","0","0","0","0","0","0","0","0","0","0","0","0","0","0","0","0","0","0","0.0157","0","0.0072","0.0019","0.0059","0","0","0","0","0","0","0","0","0","0.0669","0","0","0","0","0.0525","0.0068","0.0123","0","0.0117","0","0.0431","0.0378","0","0","0","0.0149","0","0.0253","1.9259","0.4232"
"08/31/2025 4:00","0.1264","0","0","0","0","0","0","0","0","0","0","0","0","0","0","0","0","0","0","0","0","0","0","0","0","0","0","0","0.0193","0","0.0251","0.0068","0","0","0","0","0.0412","0","0","0","0","0","0","0","0","0","0.0491","0","0.0395","0","0","0","0.0164","0.0374","0.035","0","0","0.0325","0.0057","0.0057","2.141","0.4401"
"09/01/2025 1:00","0.0091","0.006","0.0089","0","0","0","0","0","0","0.0047","0","0","0.0192","0","0.0033","0.0037","0.0072","0.0049","0.0052","0.012","0.0045","0","0","0.0093","0","0","0","0","0.0236","0","0","0.0639","0","0.021","0","0.0144","0.037","0","0","0","0.0197","0","0.0087","0.0147","0","0","0.1111","0.0072","0.0246","0","0.0123","0","0.0367","0.0508","0","0.031","0","0","0","0","3.4628","0.5747"
"09/01/2025 6:00","0.1262","0","0","0","0","0","0","0","0","0.0068","0.0068","0.0019","0.0033","0","0","0","0","0","0","0","0","0","0.0041","0.0332","0","0","0","0.0204","0","0","0","0.0565","0","0","0","0","0.0601","0.0321","0","0","0.0425","0","0","0","0","0","0.0643","0","0.0554","0","0","0","0.0535","0.0295","0","0.0363","0","0","0","0.1155","3.0382","0.7484"
"09/01/2025 11:00","0.0579","0","0.0136","0","0","0","0","0","0","0","0","0","0","0.0043","0.0019","0","0","0","0","0","0","0","0.0031","0","0","0","0","0.0739","0","0","0","0.0225","0","0","0","0","0.1353","0.0204","0","0","0","0.3024","0","0","0.0372","0","0.1682","0.1858","0.0597","0","0","0","0.0542","0.3334","0","0.0153","0","0.4379","0","0","4.4686","1.927"
"09/01/2025 15:00","0.047","0.0392","0","0","0","0","0.0049","0.0155","0.007","0","0.0054","0","0","0.0058","0.0078","0.007","0.0041","0.001","0","0","0","0.0025","0","0","0","0","0","0","0","0","0","0.0246","0","0","0","0","0.0427","0","0","0","0","0.0327","0","0","0","0","0.1402","0.01","0.0605","0","0","0.0234","0.0815","0.0268","0.0157","0.0185","0","0.0401","0","0","3.2076","0.6639"
"09/01/2025 20:00","0","0.0278","0.0148","0","0","0","0","0","0","0.0037","0.0064","0.0043","0.0047","0.0023","0.0093","0","0.0105","0","0","0","0","0","0","0","0","0","0","0","0","0","0","0.0072","0","0","0","0","0.0261","0","0","0","0","0","0","0.0367","0","0","0","0.0055","0.0289","0","0","0","0.0684","0.0259","0","0","0","0.0295","0","0.0072","2.6571","0.3192"
"09/02/2025 3:00","0.1119","0","0","0","0.0041","0","0","0","0","0.0033","0.0089","0.0047","0.0109","0.0087","0.0118","0.0035","0","0.0066","0.0045","0.0064","0.0066","0","0","0.0027","0","0","0","0.0157","0","0","0","0.0227","0","0","0","0","0.0465","0","0","0","0.0193","0.0552","0","0","0","0","0.0416","0","0.0548","0","0","0","0.0488","0.079","0","0","0","0.0716","0","0","3.6288","0.6498"
"09/02/2025 7:00","0.0938","0","0","0","0","0","0","0","0","0.0068","0.0027","0.0056","0.0142","0","0","0.0045","0.0082","0.0016","0.0037","0.0014","0","0.0031","0.0037","0.0097","0","0","0","0.0057","0","0","0","0","0","0","0","0","0.0505","0","0.0219","0","0","0.0401","0","0.038","0.0123","0.0083","0.038","0","0.0718","0.0172","0","0.0374","0","0.0654","0","0","0.0293","0","0.0089","0","3.0096","0.6038"
"09/02/2025 12:00","0.0534","0.0359","0","0","0","0","0","0","0","0.0039","0","0","0","0.0101","0","0.0021","0","0","0","0","0","0","0.006","0.0066","0","0","0","0","0","0","0","0.052","0","0","0","0","0.028","0","0","0","0","0.0161","0","0","0.0083","0","0.0191","0.0051","0.0293","0","0","0.0217","0.0652","0.0147","0","0","0","0","0","0.0217","3.123","0.3992"
"09/03/2025 1:00","0.0103","0.0365","0.0299","0","0","0","0","0","0","0","0","0","0","0","0","0","0","0","0","0","0","0.0019","0","0","0","0","0","0","0","0","0","0.0677","0","0","0","0","0.0274","0","0","0","0","0","0","0","0.0257","0","0.0561","0","0.0348","0","0.037","0.0189","0.0463","0.0423","0.0147","0","0","0.055","0","0","2.7777","0.5045"
"09/03/2025 18:00","0.0089","0","0.0062","0","0","0","0","0","0.0035","0.0043","0.0029","0","0","0","0","0","0","0.0103","0.0023","0.0052","0.0033","0.0039","0","0","0","0","0","0.0161","0","0","0","0.0132","0","0","0","0","0","0.0183","0","0","0","0","0","0","0","0","0.1225","0.0034","0.037","0","0","0.0125","0.0314","0.0125","0","0","0","0","0","0","3.1277","0.3177"
"09/03/2025 23:00","0.7034","0","0","0","0","0","0","0.008","0.008","0.0091","0","0","0","0","0","0.0029","0","0","0.0031","0.0025","0.0021","0","0.0031","0.0041","0","0","0","0","0","0.0259","0","0.0618","0","0","0","0","0.0423","0","0","0","0","0.0338","0","0","0","0","0.1852","0","0.0733","0.0259","0.0119","0.0293","0.0395","0.0342","0","0","0","0","0.0276","0.0125","4.1093","1.3495"
"09/04/2025 3:00","0.1245","0","0.0126","0","0.0062","0.0089","0","0","0.007","0","0","0","0","0","0.0029","0.0101","0.0089","0.0025","0.0198","0.0064","0.0031","0","0","0","0","0","0","0","0","0","0","0.0319","0","0","0","0","0","0","0","0","0","0","0.0119","0","0.0142","0","0.152","0","0.0376","0.0127","0.0161","0","0.0374","0.0293","0","0","0.0157","0","0.0087","0","3.0599","0.5804"
"09/05/2025 1:00","0","0","0","0.0058","0.0163","0.0103","0","0","0","0.0027","0.0019","0.0085","0","0","0","0","0","0","0","0","0","0","0","0","0","0","0","0.0191","0","0","0","0","0","0","0","0","0.0399","0","0","0","0","0","0","0","0","0","0.0505","0.003","0.1017","0","0","0","0.0338","0.0115","0","0.0059","0","0.0476","0","0","3.2537","0.3585"
"09/06/2025 17:00","0","0","0","0","0","0","0","0","0.0066","0","0","0","0","0","0.0037","0.0035","0.0019","0.0167","0.0107","0.0019","0.0043","0","0","0","0.0238","0","0","0.0136","0","0","0","0.0832","0","0.059","0","0","0","0","0","0","0","0.069","0","0","0.021","0","0.0361","0.0093","0.1004","0.0234","0","0","0.0648","0.0525","0.0089","0","0.0386","0.021","0","0.0197","3.2602","0.6936"
"09/07/2025 2:00","0.0309","0","0","0","0","0","0","0","0","0","0","0","0.006","0","0","0.0029","0.0029","0.0045","0.015","0.0029","0","0","0.0202","0.0128","0","0","0.0195","0.0195","0","0","0","0.0563","0","0","0","0","0.0416","0","0","0","0","0.0584","0","0","0","0","0.0635","0.0202","0.0582","0","0","0.0064","0.0569","0.0474","0","0.0204","0","0","0","0","3.2283","0.5664"
"09/08/2025 3:00","0.0039","0.0344","0.0087","0.0025","0.0099","0.0041","0","0","0","0","0","0","0","0","0.0062","0.0016","0.0027","0.0029","0","0","0","0","0.008","0.0029","0.0219","0","0","0","0","0","0.0117","0","0","0","0.0308","0","0.0694","0","0","0","0","0","0","0.0047","0","0.021","0.1225","0.0023","0.0542","0","0","0","0.0452","0.017","0","0","0.024","0.0374","0","0.0297","4.0527","0.5796"
"09/08/2025 11:00","0.0068","0.0237","0.0258","0.0134","0.0074","0","0.027","0.0313","0.0035","0","0","0","0","0","0","0","0.0101","0","0","0","0","0","0","0","0","0","0","0.0293","0","0","0","0.0117","0","0","0.0495","0.0811","0.2075","0","0","0.041","0.0737","0.2459","0.1215","0.1142","0.0582","0.0992","0","0.0779","0.0113","0.1397","0.1576","0.0926","0.0633","0.2111","0.0716","0.2151","0.1181","0.1419","0.1962","0","6.5904","2.7782"
"09/09/2025 1:00","0.1212","0","0","0","0","0","0","0.0124","0.0029","0.0029","0","0","0.006","0.0052","0.0019","0.014","0.0029","0","0","0","0","0","0.0052","0.0043","0","0","0","0.0153","0","0","0","0.0261","0","0","0","0","0.0359","0","0","0","0.024","0","0","0.0102","0","0","0.1038","0","0.0389","0.0253","0.0174","0","0.0567","0.0397","0","0","0","0.0248","0.0221","0","3.5321","0.6191"
"09/10/2025 3:00","0.0439","0","0","0","0","0","0","0","0","0.0054","0.0041","0.0021","0.0363","0.0021","0.0041","0.0087","0.0041","0.0054","0","0","0","0","0","0","0","0","0","0.0117","0","0","0","0.0144","0","0","0","0.0314","0.1217","0","0","0","0","0","0","0","0","0","0","0.0057","0.0552","0","0","0.0384","0.0631","0.1075","0","0.011","0.0096","0.041","0","0","2.7682","0.6269"
"09/11/2025 1:00","0.06","0.0338","0.0118","0","0","0","0","0","0","0","0","0","0","0.0035","0","0","0.0082","0","0","0","0","0","0","0.0093","0","0","0","0.0051","0","0","0","0","0","0","0.0308","0","0.0212","0","0","0","0","0.0115","0","0","0.0212","0.0153","0.0446","0.0076","0.0376","0.0117","0","0","0.0894","0.0998","0","0.0323","0","0.027","0","0","2.5736","0.5817"
"09/11/2025 12:00","0.0128","0.0095","0.0169","0","0.0142","0.0221","0.008","0","0.0047","0.0025","0.0033","0.0043","0","0","0.0035","0.0058","0.006","0.0016","0.0289","0.006","0.0029","0","0.0058","0.0041","0","0","0","0","0","0","0","0.0327","0","0","0","0","0.0764","0","0","0","0","0","0","0","0","0","0.0497","0.011","0.0253","0","0","0","0.0164","0.02","0","0.0259","0","0.0268","0","0","3.496","0.4471"
"09/12/2025 3:00","0","0.0511","0","0","0","0","0","0","0","0.0039","0.0091","0.0091","0","0.0037","0","0","0","0","0","0","0","0.0037","0","0","0","0","0","0","0","0","0","0.0391","0","0","0","0","0.0285","0.0412","0","0","0","0","0","0","0","0","0.0573","0","0.0996","0.0187","0","0","0.0454","0.0142","0","0.0361","0","0","0","0","2.9263","0.4607"
"09/13/2025 1:00","0.0074","0","0.0041","0","0","0","0","0","0","0","0","0","0","0.0054","0.0031","0","0","0","0","0","0","0","0.0074","0.0033","0","0","0","0.01","0","0","0","0.0548","0","0","0","0","0.0769","0","0","0","0","0.0416","0","0.0059","0","0.0087","0.0478","0.0081","0.0839","0.0263","0","0.0183","0.0461","0.0374","0","0.0395","0","0.0563","0","0.0442","2.7596","0.6365"
"09/14/2025 4:00","0.0171","0.0342","0.0074","0","0.0066","0","0","0","0","0.0058","0.0066","0.0029","0.0113","0","0.008","0.0144","0.0068","0.0019","0.0052","0.0033","0.0035","0","0.0062","0.0052","0","0","0","0","0","0","0","0.0121","0","0","0","0","0.0234","0","0","0","0","0.0234","0","0","0","0","0.1062","0","0.0155","0","0","0.0391","0.0503","0.0533","0.0113","0","0","0.0609","0.0471","0","3.3959","0.589"
"09/15/2025 1:00","0.0823","0.0478","0","0","0","0","0","0.0111","0.0035","0.0074","0","0","0","0","0","0","0.0027","0.0045","0","0","0","0.0052","0.0082","0.0082","0.0153","0","0","0","0","0","0","0.0204","0","0.0389","0","0","0","0","0","0","0","0","0","0.0253","0","0","0.0408","0.0047","0.0384","0","0","0","0.0401","0","0.0091","0","0","0.0384","0","0","2.603","0.4523"
"09/16/2025 3:00","0.034","0","0","0","0","0","0","0","0","0.0029","0.0054","0.0045","0.0082","0.0029","0","0","0","0","0","0.0023","0.0031","0.0025","0","0.0029","0","0","0","0","0.0104","0","0","0.0688","0","0","0","0","0.0282","0","0","0","0","0","0","0.0278","0","0.0138","0.0561","0","0.0412","0","0.013","0.0272","0.0597","0.0788","0","0","0","0","0","0.021","2.302","0.5147"
"09/17/2025 1:00","0.1231","0","0","0","0","0","0","0","0","0.0029","0.0021","0.0033","0.0031","0","0","0.0027","0.0136","0.0126","0.0159","0.0019","0.0043","0","0","0","0","0","0","0.0038","0","0","0","0.0344","0","0","0","0","0.0274","0.0406","0","0.0231","0.0361","0.024","0","0","0","0","0.0624","0.0081","0.0467","0","0","0","0.0565","0.0493","0","0.0442","0","0","0.0096","0.0089","2.5609","0.6606"
"09/18/2025 3:00","0.1975","0","0","0","0","0","0","0","0","0.0027","0.0126","0.0025","0.0043","0","0","0","0.0045","0.0095","0.0047","0","0.0074","0.0023","0","0","0.0062","0","0","0.0181","0.0282","0","0","0.0425","0","0","0","0","0.052","0","0","0","0","0.0361","0.0066","0","0","0","0.0386","0.0051","0.0306","0","0","0","0.0149","0.013","0","0","0","0.0316","0.0323","0","3.5128","0.6038"
"09/19/2025 1:00","0.16","0","0","0","0","0","0","0","0","0.0064","0.006","0","0","0","0","0","0","0","0","0","0","0","0","0","0","0","0.0285","0","0","0","0.0121","0.0871","0","0","0","0","0.0423","0.0255","0","0","0","0.168","0","0","0","0","0.1315","0.0028","0.0367","0.0144","0","0.0138","0.0403","0.0342","0.0083","0","0","0.0414","0","0.0117","2.7216","0.871"
"09/20/2025 3:00","0.0528","0","0","0.0208","0","0","0","0","0","0","0","0","0","0","0.0076","0","0.0093","0.0047","0.007","0.0047","0.0043","0.0066","0.0041","0.0068","0","0","0","0","0","0","0","0.0839","0","0","0","0","0","0","0","0","0","0.0433","0","0","0.0138","0","0.1283","0","0.0429","0","0","0","0.037","0.0915","0","0","0","0.0656","0","0","3.1942","0.635"
"09/21/2025 2:00","0.1589","0.0322","0","0","0.0173","0","0","0","0","0.0019","0","0.0045","0","0","0","0","0.0064","0","0","0","0.0025","0","0","0","0","0","0","0.0064","0","0.0172","0","0","0","0","0","0","0","0","0","0","0","0.017","0.0223","0","0","0.01","0.1344","0.007","0.0529","0","0","0","0.0718","0.0692","0","0.0166","0","0.0671","0","0","3.359","0.7156"
"09/22/2025 3:00","0.0235","0","0","0","0.0142","0","0","0","0","0","0","0","0","0","0","0","0","0","0","0","0","0","0","0","0","0","0","0","0.0435","0","0","0.0227","0","0","0","0","0.0784","0","0","0","0","0.027","0","0.0187","0","0.007","0.0592","0","0.0465","0","0","0.0261","0.0418","0.0599","0.0206","0","0","0.0363","0","0","2.8967","0.5254"
"09/23/2025 1:00","0.0099","0.015","0.0099","0","0","0","0","0","0","0","0","0","0","0","0.0056","0.0025","0","0.0021","0","0","0","0.0111","0.0052","0.0078","0.0221","0","0","0.0072","0","0","0","0","0","0","0","0","0","0","0","0","0","0.1298","0","0","0","0","0.0399","0.0034","0.0062","0","0","0","0.0448","0","0","0.028","0","0.0285","0","0","2.6328","0.379"
"09/24/2025 3:00","0.0085","0","0.0165","0","0","0","0","0","0","0.0023","0","0.0035","0","0","0","0","0","0","0","0","0","0.0047","0.0049","0.0066","0","0","0","0","0","0","0","0.0108","0","0","0","0.0459","0.0444","0","0","0","0","0.0425","0","0","0","0","0.0348","0","0.0257","0","0.0104","0","0.0403","0.0166","0.0631","0","0","0.0705","0.0045","0.0089","3.3302","0.4654"
"09/25/2025 0:00","0.1406","0.0165","0","0","0","0","0","0","0","0","0","0","0","0","0.0101","0.0037","0","0","0","0","0","0","0.008","0.0056","0.0083","0","0","0","0","0","0.0355","0.0584","0","0","0","0","0","0","0","0","0","0.0348","0","0.031","0","0","0.0871","0.0021","0.0518","0","0","0","0.0106","0.0282","0","0","0.0059","0.0435","0","0","2.4557","0.5817"
"09/25/2025 15:00","0.019","0.0101","0.0155","0","0","0","0","0","0","0.0027","0.0019","0.0019","0","0","0","0","0","0","0","0","0","0.0027","0","0","0","0","0","0.0136","0","0","0","0.0361","0.0172","0","0","0","0.0488","0","0","0","0","0","0","0","0","0.0253","0.0425","0","0.0327","0","0","0","0.0312","0.062","0","0","0","0.0242","0","0","3.0131","0.3874"
"09/26/2025 3:00","0.1635","0.0097","0.0122","0","0","0","0","0","0","0.0111","0.006","0.0033","0.0072","0","0","0","0","0","0","0","0","0","0","0","0","0","0","0.0227","0","0","0","0","0","0","0.0319","0","0.0569","0","0","0","0","0.0221","0","0","0.0363","0.0081","0.0605","0","0.0478","0.0176","0","0.0083","0.0365","0.0471","0","0.007","0","0.0197","0","0","3.2537","0.6355"
"09/27/2025 1:00","0.0091","0.0023","0.0198","0.0049","0","0","0","0","0","0.0103","0.0144","0.0045","0.0058","0.0122","0.0062","0","0","0","0","0","0","0","0.0019","0.0023","0","0","0","0","0","0","0.0308","0.0147","0","0","0","0","0.0287","0","0","0","0","0.0276","0","0","0","0","0.0287","0","0.0357","0","0","0","0.038","0","0","0","0","0.0376","0.0064","0","2.8993","0.3419"
"09/28/2025 4:00","0.0229","0","0","0","0","0","0","0","0","0","0","0","0.0047","0.0016","0","0","0.006","0","0","0.0029","0.0043","0.0163","0","0","0.0096","0","0","0.0074","0","0","0","0.0321","0","0","0","0.0314","0.0363","0","0","0","0","0.0276","0.0308","0","0","0","0.0818","0.0134","0.048","0.0066","0","0","0.0391","0.0699","0.0074","0","0","0.0227","0.021","0.021","3.4017","0.5648"
"09/29/2025 1:00","0.0936","0","0","0","0","0","0","0","0","0.0033","0.0041","0.0049","0.012","0","0","0.0021","0","0","0.0021","0.0052","0.0031","0","0.0033","0","0.0053","0","0","0.0312","0","0.0217","0","0.0363","0","0","0","0","0","0","0","0","0","0.0397","0","0","0.0085","0","0.0539","0","0.0265","0","0","0","0.0378","0.0121","0.011","0","0.0246","0.0894","0","0","2.4876","0.5317"
"09/30/2025 3:00","0","0","0","0","0.0155","0.0239","0","0","0","0","0","0","0","0","0","0","0","0","0","0","0","0.0066","0.0103","0.0256","0","0","0","0.037","0","0","0","0","0.0212","0","0","0","0.0304","0","0","0","0","0","0","0","0.0093","0.0125","0.037","0","0.0367","0","0","0.0066","0.0319","0.0306","0","0","0","0.0418","0","0","2.9346","0.3769"
"10/01/2025 1:00","0.0538","0","0","0","0.0124","0.0136","0.0132","0.0099","0.0054","0.0054","0.0033","0.0101","0","0","0","0","0.0004","0.0052","0.0029","0","0","0.0035","0.0093","0.0179","0","0","0","0","0","0","0","0.0314","0","0","0","0","0.0166","0.0446","0","0","0","0.0414","0","0","0","0","0.0491","0","0.0278","0","0","0","0.0559","0.0348","0","0","0","0.0348","0","0","3.2507","0.5027"
"10/02/2025 3:00","0.1637","0","0","0","0","0","0","0","0","0.0113","0.0157","0","0","0","0","0","0","0","0","0","0","0","0.0101","0.0035","0","0","0","0","0","0","0","0.0329","0","0","0","0","0.0529","0","0.0102","0","0","0.0274","0","0","0","0","0.0518","0","0.0113","0","0","0.0287","0.0295","0.0414","0","0","0","0.0336","0.017","0.0147","2.4675","0.5557"
"10/03/2025 1:00","0.0965","0","0","0","0","0","0","0","0","0","0","0","0","0.0058","0","0","0","0","0.0142","0.0016","0","0.0093","0.0054","0.0054","0","0","0","0","0","0","0","0.0187","0","0","0","0","0.0314","0","0","0","0","0","0","0","0","0","0.028","0.0051","0.0461","0","0","0","0.082","0.0826","0","0.0221","0","0.0161","0.0153","0.0081","2.4954","0.4937"
"10/04/2025 1:00","0.0174","0","0","0","0","0","0","0","0","0","0","0","0","0.0076","0","0.0026","0.0058","0.0025","0.0018","0","0","0","0","0.0037","0","0","0","0","0.1086","0.0445","0","0.0559","0","0","0","0","0","0","0","0","0.0203","0","0","0","0","0","0.1211","0.0102","0.0263","0","0","0.0224","0.0438","0.0179","0","0","0","0","0","0","2.0711","0.5124"
"10/04/2025 6:00","0.0336","0.0049","0","0","0.0088","0.0005","0","0","0","0","0","0","0","0.0063","0.0028","0.0095","0.0044","0","0","0.0025","0.0039","0","0","0","0","0","0","0.0599","0","0","0","0.0222","0","0","0","0","0.0937","0","0","0.0222","0","0.1547","0.0112","0","0","0","0.0412","0.1624","0","0","0","0.0102","0.045","0.3514","0.0293","0.0105","0","0.4283","0","0","3.9398","1.5194"
"10/05/2025 4:00","0.009","0.0239","0.025","0.0056","0","0.0193","0","0","0","0.0021","0","0","0","0","0.0019","0.0019","0","0","0","0","0","0.0039","0","0.0077","0.0142","0","0","0.0279","0","0","0","0.0417","0","0","0","0","0.0182","0","0","0","0","0.0371","0","0","0","0","0","0","0.0128","0","0.0231","0","0.0385","0.0406","0","0","0","0.0473","0","0","3.0115","0.4017"
"10/06/2025 1:00","0.1079","0.0188","0.0146","0.0035","0","0","0","0","0","0","0","0","0","0","0","0.0035","0.0084","0","0.0032","0.0028","0.0047","0","0.0105","0.0032","0","0","0","0","0","0","0.0166","0.0086","0","0","0","0","0.0273","0","0","0","0","0","0","0","0","0","0.0272","0.0023","0.0655","0","0","0","0.0251","0.0184","0.0091","0","0","0.0484","0","0.0175","2.6937","0.4471"
"10/07/2025 3:00","0.2072","0.0083","0.0149","0","0","0.0076","0.0118","0","0","0","0","0","0","0.0025","0","0","0","0.0047","0","0","0","0","0.009","0.0049","0","0","0","0","0","0","0","0.0159","0","0","0","0","0.0494","0","0","0","0","0.0142","0","0.01","0","0","0.0051","0.007","0.02","0","0","0","0.0291","0.0594","0","0","0.004","0.0165","0.0075","0","2.3141","0.509"
"10/08/2025 1:00","0.2281","0.0114","0","0","0","0","0.0056","0","0","0.0044","0.0033","0.004","0","0","0","0","0.004","0.0095","0","0","0","0.004","0","0","0","0","0","0.0107","0","0","0","0","0","0","0","0","0.0412","0","0","0","0","0.0561","0.0224","0","0","0.0179","0.0464","0","0.0072","0.0207","0.0046","0.0088","0.0224","0.0522","0.0068","0","0","0.0268","0","0","2.5521","0.6185"
"10/09/2025 3:00","0.0908","0","0.0069","0","0","0","0","0","0","0.0046","0.0148","0.0077","0","0.0054","0","0","0","0","0","0","0","0","0","0.0049","0.011","0","0","0","0.0322","0","0","0.017","0","0","0","0","0.0242","0","0","0","0","0.0042","0.0161","0","0","0","0","0.0084","0.0261","0","0","0","0.0172","0","0","0.0054","0","0.0245","0","0.01","2.1244","0.3314"
"10/10/2025 1:00","0.0063","0.0109","0.0127","0","0","0","0","0","0","0.0016","0.0054","0.0046","0.0053","0.009","0","0","0","0","0","0","0","0","0.0077","0.004","0","0","0.021","0","0","0","0","0","0","0","0","0.0081","0.0559","0","0","0","0","0","0","0.0135","0","0","0.1023","0.0077","0.0359","0","0","0","0.0457","0.0312","0","0","0","0.0343","0","0","2.504","0.4231"
"10/11/2025 3:00","0.0199","0.0072","0","0","0","0","0","0","0","0","0","0","0","0","0","0.0047","0","0","0","0","0","0","0","0","0.0046","0","0","0.0133","0","0","0","0","0","0","0","0","0","0","0","0","0.0387","0.099","0","0","0.0142","0","0.1141","0.0037","0.0156","0","0","0.0051","0.0173","0.0335","0","0.0065","0.0093","0.058","0","0","2.2321","0.4647"
"10/12/2025 2:00","0.0469","0.0044","0","0","0","0.006","0","0","0","0","0","0","0","0","0","0","0","0.0028","0.0025","0.0134","0.0063","0.003","0.0081","0.0016","0","0","0","0.0025","0","0","0","0.0123","0","0","0","0","0","0","0","0","0","0","0.023","0","0","0","0.0906","0","0.0284","0.0142","0","0.0184","0.0399","0.0124","0","0","0","0.0256","0","0","2.4142","0.3623"
"10/13/2025 3:00","0.0796","0","0","0","0","0","0.0195","0","0","0","0","0","0","0","0","0","0","0","0","0","0","0.0053","0.0019","0.0065","0","0","0","0.0046","0","0","0","0","0","0","0","0","0.0399","0","0","0","0","0","0","0","0","0.0112","0.02","0","0","0","0","0.0201","0.024","0.0333","0","0.0201","0","0","0.0056","0","1.7161","0.2916"
"10/14/2025 1:00","0.0227","0.0116","0","0","0","0","0","0","0.006","0.0014","0","0","0","0","0","0","0","0","0","0","0","0.0037","0.0107","0.0091","0","0","0","0","0","0","0","0.0161","0","0","0","0","0","0.0364","0","0","0","0.0303","0","0","0","0.0179","0.013","0.0035","0.028","0","0","0","0.0277","0.0054","0","0.0212","0.0366","0.0452","0","0","2.1637","0.3465"
"10/15/2025 1:00","0.055","0.0074","0.007","0","0","0","0","0","0","0.0026","0.0058","0","0","0.0053","0","0","0","0","0","0","0","0","0","0.0105","0","0","0.0166","0.0046","0","0","0","0","0","0","0","0","0","0","0","0","0","0.0321","0","0","0.0082","0","0.0543","0","0.0273","0","0","0","0.0268","0.0158","0","0","0.0265","0.0456","0.0077","0","1.8608","0.3591"
"10/16/2025 3:00","0.0228","0","0","0","0","0","0","0","0","0","0","0","0","0","0","0","0","0","0","0","0","0","0","0","0.0091","0","0","0","0.0804","0","0","0.0147","0","0","0","0","0","0","0","0","0","0.0364","0","0","0","0.0037","0.0319","0.0018","0.03","0","0.0056","0.0245","0.041","0.027","0","0","0","0.0053","0","0","1.7682","0.3342"
"10/17/2025 1:00","0.1297","0","0","0","0","0","0.0169","0","0","0","0","0","0","0.0035","0","0","0","0","0.0039","0.0102","0.0074","0.0033","0.0088","0.0197","0","0","0","0","0","0","0","0.0082","0","0","0","0","0.0287","0","0","0.02","0","0","0","0","0","0","0.0335","0","0.0205","0.0158","0","0.0294","0.0245","0.0203","0","0","0","0.0354","0.0194","0","1.8887","0.4591"
"10/18/2025 3:00","0.0891","0.0091","0.0088","0","0","0","0","0","0.0051","0","0.0039","0.0033","0","0","0","0","0","0","0","0","0","0.0067","0.0123","0.0063","0","0","0.0205","0.0205","0","0","0","0","0","0","0","0","0","0","0","0","0","0.0964","0","0","0","0.0091","0.0783","0","0.037","0","0.0107","0","0.023","0.0604","0","0","0","0.007","0","0.0042","2.2624","0.5117"
"10/19/2025 2:00","0.156","0.0067","0.0091","0","0","0","0","0","0","0","0","0","0","0","0","0","0","0","0","0","0","0","0.0039","0.0026","0","0","0","0","0","0","0","0","0","0","0","0","0","0","0","0","0","0.0592","0","0","0","0","0.0499","0.003","0.0166","0","0","0.0102","0.0366","0.0331","0","0","0","0.0201","0","0.0208","2.052","0.4278"
"10/20/2025 3:00","0.0494","0","0","0.0079","0","0","0","0","0","0.0056","0.0076","0.003","0","0.0072","0","0","0","0","0","0","0","0","0","0.0019","0.0033","0","0","0","0","0","0","0.0082","0.0187","0","0","0","0","0","0.014","0","0.0491","0","0","0.0203","0.0317","0","0.051","0.0032","0.0452","0","0","0","0.0279","0.0314","0","0","0","0","0","0","2.2072","0.3866"
"10/20/2025 13:00","0.046","0","0","0","0.0037","0.0118","0.0053","0","0","0.0046","0","0","0","0","0.003","0.0025","0.0053","0","0","0","0","0","0","0","0","0","0","0.023","0","0","0","0.0114","0","0","0.0363","0","0","0","0","0","0","0","0","0","0","0","0.0657","0.0016","0.0219","0","0","0","0.034","0.0191","0","0.0077","0","0.0068","0","0.0054","2.0483","0.3151"
"10/21/2025 1:00","0.0046","0.0058","0.0112","0","0","0","0","0.01","0.0042","0.0047","0.0016","0.0037","0","0","0.0032","0.0035","0.0032","0.0033","0.0062","0.0062","0.0023","0","0.0044","0.0044","0","0","0.0375","0.0023","0","0","0","0","0","0","0","0","0.0305","0","0","0","0","0","0.0077","0","0","0","0","0","0","0","0","0","0.0387","0.0247","0","0.0289","0","0.0096","0.021","0.0165","2.0411","0.2999"
"10/22/2025 3:00","0.2794","0","0","0","0","0","0","0","0","0","0","0","0","0","0","0","0","0","0","0","0","0.0053","0","0","0","0","0","0","0","0","0","0","0","0","0","0","0.021","0","0","0","0","0.0886","0","0","0.006","0","0","0.0047","0.0589","0.023","0","0.0456","0.0242","0.0562","0","0.1589","0","0","0","0","1.8968","0.7718"
"10/23/2025 1:00","0.1662","0","0","0","0","0","0","0","0","0","0","0","0","0","0","0","0","0","0","0","0","0","0","0","0","0","0","0.0109","0","0","0","0.0135","0","0","0","0","0.0305","0.013","0","0","0","0.0233","0","0.0117","0","0.0128","0.0717","0","0","0","0","0","0.0237","0","0","0","0","0.0263","0","0","1.6876","0.4036"
"10/23/2025 15:00","0.0568","0.006","0","0","0","0","0","0","0.0069","0","0","0","0","0","0","0","0","0","0","0","0","0","0","0","0.0098","0","0","0","0","0","0","0.0121","0","0","0","0","0.0259","0","0","0","0.0287","0.055","0","0","0","0.0163","0.0315","0","0.021","0","0","0.0207","0.0279","0.0401","0","0","0.0053","0.01","0","0","1.7887","0.374"
"10/24/2025 1:00","0.181","0","0","0","0","0","0","0","0","0","0","0","0","0","0","0","0","0","0","0","0","0","0","0","0.0047","0","0","0.0068","0","0","0","0","0","0","0","0","0.0272","0","0","0.0149","0.0517","0.1156","0.0436","0","0.0107","0","0.0829","0.0039","0.0475","0","0","0","0.042","0.0158","0","0","0","0","0","0","1.8636","0.6483"
"10/25/2025 3:00","0.1787","0.0518","0","0","0","0","0","0","0","0","0","0","0","0","0","0.0098","0","0","0","0","0","0","0","0","0","0","0","0","0","0","0","0","0","0","0","0","0.059","0","0","0","0","0.0193","0","0.0282","0","0","0.0424","0.0135","0.0231","0","0.0126","0","0.0345","0","0","0.0272","0","0","0","0","2.0687","0.5001"
"10/26/2025 2:00","0.0322","0","0","0","0","0","0","0","0","0","0","0","0","0","0","0","0","0","0","0","0","0","0","0","0","0","0","0","0","0","0","0.0398","0.0235","0","0","0","0","0","0","0","0.0184","0.0305","0","0","0","0","0.0349","0","0","0","0.0074","0","0.0184","0.0166","0.0128","0","0","0.0161","0.0403","0","1.4829","0.2909"
"10/27/2025 3:00","0.0617","0.0079","0","0","0","0","0","0","0","0","0","0","0","0","0","0.0132","0","0","0","0","0","0","0","0","0.0079","0","0","0","0","0","0","0.0119","0","0","0","0","0.0123","0","0","0","0","0","0","0","0","0","0.0191","0.0025","0.01","0","0.0114","0.0112","0.0163","0.0075","0","0","0.0165","0.0385","0","0.0046","1.806","0.2525"
"10/28/2025 1:00","0.098","0","0","0","0","0","0","0","0","0","0","0","0","0","0","0","0","0","0","0","0","0","0","0.0083","0","0","0","0.0081","0","0","0.0159","0","0","0","0","0","0.0315","0","0","0","0","0.0207","0","0","0","0.0054","0.0054","0","0.0154","0","0.0058","0.0137","0.054","0","0","0","0","0","0","0","1.5873","0.2822"
"10/29/2025 3:00","0.243","0.0091","0","0","0","0","0","0","0","0","0","0","0","0","0.0176","0","0","0","0","0","0","0","0","0","0","0","0","0","0","0","0","0","0","0.0237","0.0457","0","0.0378","0","0","0","0","0","0.0144","0","0","0","0.109","0","0","0","0","0.0133","0.0123","0","0","0.0067","0","0","0","0","1.7827","0.5326"
"10/29/2025 13:00","0.1666","0","0","0","0","0.0209","0","0","0","0","0","0","0","0","0","0","0","0","0","0","0","0.0195","0","0","0","0","0","0.0046","0","0","0","0.0237","0","0","0.0427","0","0.0443","0","0","0","0","0","0.0258","0.0321","0.023","0","0","0","0.0375","0","0","0","0.0187","0.0457","0","0","0","0","0.017","0.0049","1.576","0.527"
"10/30/2025 1:00","0.2558","0.0114","0","0","0","0","0","0","0","0","0","0","0","0","0","0","0","0","0","0","0","0","0","0","0","0","0","0","0","0","0","0.0058","0","0","0","0","0.062","0","0","0","0","0.0244","0.021","0","0","0","0","0.0058","0","0","0","0","0.024","0.0159","0","0","0","0","0","0","1.5676","0.4261"
"10/31/2025 3:00","0.305","0.0125","0","0","0","0","0","0","0","0","0","0","0","0","0","0","0","0","0","0","0","0","0","0","0","0","0","0","0","0","0","0.0114","0.0117","0","0","0","0.0463","0","0","0","0","0.0244","0.0158","0.0343","0","0","0.0883","0","0.0456","0","0","0","0.0254","0","0","0.02","0","0.0244","0.0137","0","2.0543","0.6788"
"11/01/2025 1:00","0.2811","0.0336","0","0","0","0","0","0","0","0","0.007","0","0","0","0","0","0","0","0","0","0","0","0","0","0","0","0","0","0","0","0","0.0056","0","0","0","0.027","0.068","0","0","0","0.0156","0.0222","0","0","0","0.0077","0.0324","0.0021","0.035","0","0","0","0.0237","0.0207","0","0","0","0","0","0","1.8554","0.5817"
"11/02/2025 4:00","0.3052","0.0081","0","0","0","0","0","0","0","0","0","0","0","0.0095","0","0","0","0","0","0","0","0","0","0","0","0","0","0","0.1002","0","0","0","0","0","0","0","0.0378","0","0","0","0","0.0272","0","0","0","0","0.0117","0","0.0496","0","0.0135","0","0.0314","0.0177","0","0.0252","0","0","0","0.0219","2.2706","0.659"
"11/03/2025 1:00","0.2253","0.0213","0","0","0","0","0","0","0","0","0","0","0","0","0","0","0","0","0","0","0","0","0","0","0","0","0","0","0.0426","0","0","0.0147","0","0","0.021","0","0.0559","0","0.0131","0","0","0.0808","0","0.0228","0","0","0.0634","0.0051","0.013","0","0","0","0.0207","0.0191","0.0095","0.0063","0.0126","0.0193","0","0","1.7887","0.6665"
"11/04/2025 3:00","0.0002","0.0365","0","0","0","0","0","0","0","0","0","0","0","0","0","0","0","0","0","0","0","0","0","0","0","0.0095","0.0187","0","0.0191","0.0105","0","0","0","0","0","0","0.0317","0","0","0","0","0.0415","0","0","0","0","0","0.0035","0","0","0","0.0315","0.0154","0.0317","0","0","0","0","0.0484","0","1.5746","0.2982"
"11/05/2025 1:00","0.12","0","0","0","0","0","0","0","0","0","0","0","0","0","0","0","0","0","0","0","0","0","0","0","0.0154","0","0","0.0119","0","0","0","0","0","0","0","0","0.0331","0","0","0","0","0","0","0","0.0107","0.0074","0","0.0123","0","0","0","0.0123","0.0279","0","0","0.0222","0","0","0","0","1.3938","0.2732"
"11/06/2025 4:00","0","0","0","0","0","0","0","0","0","0","0","0","0","0","0","0","0","0","0","0","0","0","0","0","0","0","0","0.0382","0","0","0","0.0145","0","0.0375","0","0","0","0","0","0","0","0.0177","0","0","0","0","0.0244","0","0.0268","0","0","0.0142","0.0208","0.051","0","0","0","0.013","0.018","0","1.4295","0.2761"
"11/07/2025 1:00","0.1372","0","0","0","0","0","0","0","0","0","0","0","0","0","0","0","0","0","0","0","0","0","0","0","0","0","0","0","0","0","0","0.0142","0","0","0","0","0","0","0","0","0","0","0","0","0","0","0.0196","0.0026","0","0","0","0","0","0.0298","0","0","0.0135","0","0.011","0","1.2514","0.2279"
"11/08/2025 3:00","0.0566","0.0063","0","0","0","0","0","0","0","0.0084","0","0","0","0","0","0","0","0","0","0","0","0","0","0","0","0","0","0","0","0","0","0.0368","0","0","0","0","0","0","0","0","0","0","0.0121","0.0198","0","0.0123","0.059","0","0.0201","0","0","0","0.0109","0","0","0","0","0","0","0","1.578","0.2423"
"11/09/2025 2:00","0.2622","0","0","0","0","0","0","0","0","0","0","0","0","0","0","0","0","0","0","0","0","0","0","0","0","0","0","0.018","0","0","0","0","0","0","0","0","0.0133","0","0","0","0","0.0484","0","0","0","0","0.0172","0","0.0252","0.0091","0","0","0.0126","0.0051","0","0","0","0.0258","0","0","1.6541","0.4369"
"11/10/2025 3:00","0.379","0.0072","0","0","0","0","0","0","0","0","0","0","0","0","0","0","0","0","0","0","0","0","0","0","0","0","0","0","0","0","0","0.0117","0","0","0.0147","0","0.0456","0","0","0","0","0.0526","0","0","0","0.0119","0.0252","0","0","0","0","0.02","0.0359","0.0133","0","0.0063","0.0131","0","0","0","1.7924","0.6365"
"11/10/2025 13:00","0.1836","0","0","0","0","0","0","0","0","0.0097","0","0","0","0","0","0","0","0","0","0","0","0","0","0","0","0","0","0","0.0124","0","0","0.0119","0","0","0","0","0.0247","0","0","0","0","0.0138","0","0","0","0.0149","0","0","0","0.0082","0.0049","0.0109","0.0329","0","0","0","0","0","0","0","1.5064","0.3279"
"11/11/2025 1:00","0.3646","0","0","0","0","0","0","0","0","0","0","0","0","0","0","0","0","0","0","0","0","0","0","0","0","0","0","0","0","0","0","0","0","0","0","0","0.048","0","0","0.0149","0","0.0592","0","0","0.0053","0","0","0.007","0","0","0","0","0","0.014","0","0","0","0","0","0","1.5136","0.513"
"11/12/2025 3:00","0.3029","0.0241","0","0","0","0","0","0","0","0","0","0","0","0","0","0","0","0","0","0","0","0","0","0","0","0","0","0.0102","0","0","0","0","0","0","0","0","0.0471","0","0","0","0","0.021","0.0247","0.0519","0","0.0147","0.0491","0.0026","0.045","0.0175","0","0","0.03","0.0582","0","0.0254","0","0","0","0.0114","2.1066","0.7358"
"11/13/2025 1:00","0.2572","0","0","0","0","0","0","0","0","0","0","0","0","0","0","0","0","0","0","0","0","0","0","0","0","0","0","0","0.0235","0.0194","0","0.0161","0","0","0","0","0.0606","0","0","0","0","0.055","0","0.0228","0","0","0.0378","0","0.0464","0","0","0","0.0247","0.0252","0","0.0088","0","0","0","0","1.6007","0.5975"
"11/14/2025 3:00","0.0046","0","0","0","0","0","0","0","0","0","0","0","0","0","0","0","0","0","0","0","0","0","0","0","0","0","0","0.0251","0","0","0","0.0187","0","0","0","0","0","0","0","0","0","0","0","0","0","0.0068","0.0799","0.0063","0.0163","0","0","0","0.0075","0.021","0","0.0096","0.0088","0","0","0","1.2459","0.2046"
"11/15/2025 1:00","0.0357","0","0","0","0","0","0","0","0","0","0","0","0","0","0","0","0","0","0","0","0","0","0","0","0","0","0","0","0","0","0","0","0","0","0","0","0","0","0","0","0","0","0","0","0","0","0.0123","0.0091","0.0047","0","0","0.0037","0.0187","0.0119","0.0335","0","0","0.0158","0","0.0173","1.026","0.1627"
"11/16/2025 4:00","0.1527","0","0","0","0","0","0","0","0","0","0","0","0","0","0","0","0","0","0","0","0","0","0","0","0","0","0","0.0096","0","0","0","0.0128","0","0","0","0","0.0345","0","0","0","0","0","0","0","0","0","0.0585","0.0135","0.0179","0","0.0044","0","0.0305","0.018","0","0","0","0","0","0.0135","1.567","0.3659"
"11/17/2025 14:00","0.0288","0.0258","0","0","0","0","0","0","0","0","0","0","0","0","0","0","0","0","0","0","0","0","0","0","0","0","0","0.0126","0","0","0.0247","0.0222","0","0","0","0","0.0298","0","0","0.0201","0","0.0307","0.0077","0.0053","0","0","0.0359","0","0.0187","0","0.007","0","0.0403","0.0177","0","0","0","0.0095","0","0.0086","2.1061","0.3454"
"11/18/2025 3:00","0.0392","0.0169","0","0","0","0","0","0","0","0","0","0","0","0","0","0","0","0","0","0","0","0","0","0","0","0","0","0","0.0121","0","0","0.0126","0","0","0","0","0.035","0","0","0","0","0.0687","0","0","0","0","0","0","0.0074","0","0","0","0.0102","0.0137","0.0226","0","0","0","0","0","1.7319","0.2384"
"11/19/2025 1:00","0.153","0","0","0","0","0","0","0","0","0","0","0","0","0","0","0","0","0","0","0","0","0","0","0","0","0","0","0","0","0.0214","0","0.0138","0","0","0","0","0.0392","0","0.0258","0","0","0","0","0","0","0","0.0554","0.0074","0.021","0","0.0151","0","0","0.0098","0","0","0","0.0203","0","0","1.519","0.3822"
"11/20/2025 3:00","0.2196","0","0","0","0","0","0","0","0","0","0","0","0","0","0","0","0","0","0","0","0","0","0","0","0","0","0","0","0","0","0","0.0054","0","0","0","0","0.0494","0","0","0","0","0.0788","0","0","0","0","0.0219","0","0.006","0.0168","0.011","0.0235","0.0415","0.0189","0","0","0","0.0214","0.0089","0.0152","1.6534","0.5383"
"11/21/2025 1:00","0.1349","0","0","0","0","0","0","0","0","0","0","0","0","0","0","0","0","0","0","0","0","0","0","0.0083","0","0","0","0.0126","0.0296","0","0","0","0","0","0.0147","0","0.03","0","0","0","0","0","0","0","0","0","0","0","0","0","0","0","0.0193","0.0489","0","0","0","0","0.0126","0","1.5299","0.3109"
"11/22/2025 3:00","0.4328","0","0","0","0","0","0","0","0","0","0","0","0","0","0","0","0","0","0","0","0","0","0","0","0","0","0","0","0","0","0","0.0053","0","0","0","0","0.0215","0.0566","0","0","0","0.2092","0","0","0","0.0119","0","0","0","0","0","0.01","0.0254","0.0291","0.0152","0","0","0.0119","0","0.0159","2.215","0.8448"
"11/23/2025 2:00","0.3265","0","0","0","0","0","0","0","0","0","0","0","0","0","0","0","0","0","0","0","0","0","0","0","0.0067","0","0","0.0121","0","0","0","0","0","0","0","0","0.0335","0","0","0","0","0","0","0","0","0","0","0","0","0","0.0175","0.0228","0.0273","0","0","0","0","0.0089","0","0.0068","1.6456","0.4621"
"11/24/2025 3:00","0.1892","0","0","0","0","0","0","0","0","0","0","0","0","0","0","0","0","0","0","0","0","0","0","0","0.0259","0","0","0","0","0","0","0.0182","0","0","0","0","0.0224","0","0","0.0161","0","0","0","0","0","0.0086","0.0795","0","0.0237","0.0175","0","0","0.0142","0.0079","0","0.0086","0","0","0","0","1.3537","0.4318"
"11/25/2025 1:00","0.0988","0","0","0","0","0","0","0","0","0","0","0","0","0","0","0","0","0.0081","0","0","0","0","0","0","0","0","0","0","0","0","0","0.0089","0","0","0","0","0.0201","0","0","0.0249","0","0.0405","0","0","0","0","0","0","0.0184","0","0","0.0063","0","0","0","0","0","0","0","0","0.9673","0.226"
"11/26/2025 3:00","0.4233","0","0","0","0","0","0","0","0","0","0","0","0","0","0","0","0","0","0","0","0","0","0","0","0","0","0","0.014","0","0","0","0","0","0","0","0","0.0377","0","0","0","0","0","0","0","0","0","0.038","0","0","0","0","0.0091","0.0228","0","0","0","0.0077","0","0","0","1.4745","0.5526"
"11/27/2025 1:00","0.3578","0","0","0","0","0","0","0","0.0058","0","0","0","0","0","0","0","0","0","0","0","0","0","0","0","0","0","0","0","0","0","0","0","0","0","0","0","0.0634","0","0","0","0","0.0512","0","0","0","0","0","0.013","0.011","0","0","0","0.0324","0.0674","0","0","0","0","0","0","1.8493","0.602"
"11/28/2025 3:00","0.3539","0","0","0","0","0","0","0","0","0","0","0","0","0","0","0","0","0","0","0","0","0","0","0","0","0","0","0","0","0","0","0.0142","0","0","0","0","0.0166","0","0","0","0","0","0.0068","0","0","0","0","0","0.0084","0","0","0","0","0.0166","0","0","0","0","0","0","1.4332","0.4165"
"11/28/2025 18:00","0","4.9178","0","4.2688","0","0","0","0","0","0","0","0","0","0.0782","0.01","0","0","0.0091","0","0","0.0119","0","0","0","0","0","0","0","0","0","0","0.0953","0","0","0","0","0.0969","0","0","0","0.0364","0.0951","0.014","0","0","0","0.0646","0.0035","0.3355","0","0","0","0.8803","0.2057","0","0.0419","0","0.0095","0.0147","0.0459","18.71","11.2351"
"11/28/2025 20:00","0.0341","4.2625","0","3.5231","0.0218","0","0.1991","0","0","0","0","0","0","0.0817","0","0","0","0","0","0","0","0.032","0","0","0.0112","0.1536","0","0.1813","0","0","0","0","0","0","0","0","0.131","0","0","0.0463","0.0375","0.0995","0.1148","0.0361","0","0","0.0652","0","0.2833","0","0.013","0","0.7384","0.1843","0","0.0105","0","0","0.0123","0.2815","18.2724","10.5541"
"11/28/2025 22:00","0.0684","3.7185","0","3.2534","0","0","0","0","0.0965","0","0","0","0.3829","0.0668","0","0","0","0","0","0","0","0","0","0","0","0","0","0.0955","0.0412","0","0","0.0922","0","0","0","0","0","0.0273","0","0","0.0049","0","0.011","0","0.013","0","0.0683","0.0028","0.2831","0","0","0.0138","0.7235","0.1018","0.0443","0.0307","0.0249","0","0","0.1281","15.7316","9.2929"
"11/29/2025 1:00","0.042","3.4187","0","0.4755","0","0","0","0","0.0619","0","0","0.5742","0.1676","0.078","0","0.0603","0","0","0","0","0","0.0234","0","0","0.01","0","0.2246","0.1959","0","0","0","0.0629","0","0","0","0","0.103","0","0","0","0.0156","0.0566","0.0207","0.0072","0","0.0126","0.0629","0.0093","0.1367","0","0","0.0095","0.6112","0.2064","0.0496","0","0.0399","0.021","0","0.0084","14.8444","6.7656"
"11/30/2025 4:00","0.214","1.6821","0","0","0","0","0.0455","0.0244","0.0431","0","0","0","0.0423","0.0534","0","0.0225","0","0","0","0.0174","0.0221","0.0156","0","0","0.0095","0.1671","0","0.1813","0","0","0","0.0242","0","0","0","0.0238","0.0487","0","0","0","0","0.0422","0.0156","0","0","0.0047","0.0366","0.0012","0.0681","0.01","0","0","0.2861","0.1841","0","0","0","0.0541","0","0.0088","7.3378","3.3485"
"12/01/2025 1:00","0.0624","1.3118","0","0","0","0","0","0","0","0","0","0.0394","0.0369","0.0612","0","0","0","0","0","0","0","0","0","0.0062","0","0","0","0.17","0","0","0","0.0062","0","0","0","0","0.0374","0","0","0","0","0.0492","0.0117","0","0","0.0269","0.0139","0.0066","0.0197","0","0","0","0.0937","0.11","0","0","0","0.0195","0","0.0219","4.6779","2.1046"
"12/01/2025 6:00","0.1268","1.2443","0","0","0","0","0","0","0","0","0","0","0","0.1026","0","0","0","0","0","0","0","0","0","0","0","0.0137","0.0199","0.1881","0","0","0","0.0109","0","0","0","0","0.1405","0","0","0","0.0344","0.1682","0","0","0","0","0","0.2653","0","0","0","0","0.1049","0.4151","0","0","0","0.4129","0","0","6.2719","3.2476"
"12/01/2025 7:00","0.2139","1.1995","0","0","0","0","0","0","0","0","0","0","0","0","0","0","0","0","0.0218","0","0","0","0","0","0","0","0","0.1309","0.0543","0","0","0.0205","0","0","0","0","0.083","0","0","0","0","0.1029","0","0","0.009","0","0.0257","0","0","0.0175","0","0.0269","0.0917","0","0","0.0052","0","0","0","0.0076","4.6393","2.0104"
"12/01/2025 13:00","0.2451","1.1135","0","0","0","0","0.1544","0","0","0","0","0","0","0.0068","0","0.0324","0","0","0","0","0","0","0","0.0189","0.0048","0","0","0.1922","0","0.0199","0","0","0","0","0","0","0.0374","0","0","0","0","0.0806","0","0","0","0.0098","0.0414","0.0143","0.0217","0","0","0.039","0.0752","0","0","0.0324","0","0.0593","0","0.0074","4.4434","2.2065"
"12/02/2025 3:00","0.2412","1.0023","0","0","0.0216","0","0.1365","0","0","0","0","0","0","0.0741","0","0.0369","0","0","0","0","0","0","0","0","0","0","0","0.2119","0.0213","0","0","0.0436","0","0","0","0","0.0593","0","0","0","0.0179","0.047","0","0","0","0.0105","0.0482","0","0","0","0","0.0092","0.0468","0.0181","0","0","0.0121","0","0","0.0046","3.4797","2.0631"
"12/03/2025 1:00","0.0466","0.7681","0","0","0","0","0.1457","0","0","0","0","0","0","0.0554","0","0","0","0","0","0","0","0","0","0.0105","0","0","0","0.1717","0","0","0","0.0267","0","0","0","0","0","0","0","0","0","0","0.0066","0.0151","0","0","0.038","0.0121","0.0533","0","0.0209","0","0.0482","0.078","0","0","0","0.0171","0.0181","0.0147","3.1466","1.5468"
"12/04/2025 3:00","0.158","0.6716","0","0","0","0","0.1119","0","0","0","0","0","0","0.0308","0","0","0","0","0","0","0","0","0","0","0","0","0","0.1765","0","0","0","0.0527","0.0197","0","0","0","0","0","0.0209","0","0","0.0649","0","0","0","0","0.074","0","0.0068","0","0","0.0163","0.1222","0.1049","0.008","0","0","0.0283","0","0.0058","3.7464","1.6733"
"12/05/2025 1:00","0.102","0.5913","0","0","0","0","0.0848","0","0","0","0","0","0","0.0234","0","0","0","0","0","0","0","0.0156","0","0","0","0","0","0.1859","0","0","0.0545","0.009","0.0394","0.0179","0","0","0.0299","0","0","0","0","0.0535","0.0482","0.0255","0","0","0","0.0058","0.0153","0","0","0","0.0649","0.0092","0","0","0.0123","0.0197","0","0","2.8854","1.4081"
"12/06/2025 3:00","0.0694","0.4503","0","0","0","0","0.0922","0","0.0142","0","0","0","0","0.0205","0","0","0.0172","0","0","0","0","0","0","0","0","0","0","0.0362","0","0","0","0","0","0","0","0","0.0732","0","0","0","0","0","0","0","0","0","0.0362","0.0044","0.0149","0","0","0","0.038","0.0945","0","0","0","0","0","0.0028","2.4328","0.964"
"12/07/2025 2:00","0.4087","0.4399","0","0","0","0","0.1002","0","0","0","0","0","0","0.0133","0","0","0","0","0","0","0","0","0","0","0","0","0","0.0991","0","0","0","0.0199","0","0","0","0","0.0613","0","0","0","0","0.0722","0.0195","0.0153","0","0","0.0525","0.0133","0.0486","0","0","0.0139","0.0328","0","0.0285","0.0267","0","0.0125","0","0","3.0257","1.4782"
"12/08/2025 3:00","0.1234","0.3578","0","0","0","0","0.0987","0","0.017","0","0","0","0","0","0","0","0","0","0","0","0","0.0037","0","0","0","0","0","0","0","0","0","0.0054","0.0133","0.0227","0.0092","0.0131","0.0362","0.0052","0.0117","0.0129","0","0","0","0","0","0","0.0398","0","0","0","0","0","0.0304","0.0221","0","0.0334","0","0","0","0","3.2674","0.856"
"12/09/2025 1:00","0.2063","0.3812","0","0","0","0","0.0686","0","0.006","0","0","0","0","0","0","0","0","0","0","0","0","0","0.0064","0","0.0109","0","0.0241","0","0","0","0","0.0078","0.0066","0.0054","0.0076","0","0.0109","0.0103","0.0145","0.0205","0.0366","0.0691","0","0.0157","0","0","0.0878","0","0.0143","0.0299","0.0239","0.0052","0.0072","0.041","0","0","0","0","0","0.0111","3.1402","1.1289"
"12/10/2025 3:00","0.3678","0.3442","0","0","0","0","0.0743","0","0","0","0","0","0.015","0","0","0.0068","0","0","0","0","0","0","0","0","0.0217","0","0","0","0.0297","0","0","0.0177","0.008","0","0.004","0.0233","0.0344","0.0187","0.0084","0","0","0.038","0","0.0167","0","0","0.0571","0","0","0","0","0","0.0541","0.0113","0","0","0.0169","0","0","0.0203","3.718","1.1884"
"12/11/2025 1:00","0.1215","0.3851","0","0","0","0","0.0819","0","0","0","0","0","0","0.0121","0","0","0","0","0","0","0","0.0057","0","0","0","0","0","0.0096","0","0","0","0.0267","0.0076","0.0058","0.009","0.0078","0.0127","0.0088","0","0.0231","0.0169","0.1162","0","0.0233","0","0","0.0054","0","0.0088","0.0098","0","0","0.0149","0.0322","0","0.0109","0","0.0137","0","0.046","3.164","1.0155"
"12/12/2025 3:00","0.3606","0.3606","0","0","0","0","0.0507","0","0","0","0","0","0","0","0","0","0","0","0","0","0","0","0","0","0.0094","0.0388","0","0.0056","0","0","0","0","0","0","0","0.0199","0.0884","0","0.0119","0","0.0155","0.1039","0","0","0","0","0","0","0.0426","0","0","0","0.0577","0.0486","0","0","0","0.0414","0.0239","0","3.6824","1.2795"
"12/13/2025 1:00","0.2202","0.3272","0","0","0","0","0.0708","0","0","0","0","0","0","0","0","0","0","0","0","0","0","0","0","0","0.0175","0","0","0.0169","0","0","0","0.0032","0","0.0107","0.0109","0.0024","0.0943","0.008","0.0086","0.0133","0.0137","0.0611","0.0235","0.0056","0","0","0.0736","0.0042","0.0585","0.0181","0","0.0121","0.0084","0.0314","0.0422","0","0","0.0663","0","0.0209","4.2092","1.2436"
"12/14/2025 4:00","0.594","0.3321","0","0","0","0","0.0589","0","0","0","0","0","0","0","0","0","0","0","0","0","0","0","0","0","0.0072","0","0","0","0","0","0","0","0.0072","0.0364","0.0062","0","0.0382","0","0.0062","0.0117","0.0008","0.0876","0.0084","0","0.0098","0","0.0306","0.008","0.01","0","0.0113","0","0.0279","0","0","0","0","0","0","0","3.6745","1.2925"
"12/15/2025 1:00","0.2761","0.2666","0","0","0","0","0.0392","0.022","0","0","0","0","0.0047","0","0","0","0.009","0","0","0","0","0","0","0","0","0.0143","0.0637","0","0","0","0","0.0115","0.0133","0.0105","0.0205","0.005","0.041","0","0.0277","0.0573","0","0","0","0","0","0","0.0651","0.0046","0","0.0084","0","0","0.0299","0.0259","0","0.0133","0","0.0109","0","0","3.6298","1.0405"
"12/16/2025 5:00","0.2752","0.2896","0","0","0","0","0.0778","0.0489","0","0","0.0096","0","0","0","0","0.0064","0","0","0","0","0","0","0","0","0.0145","0","0","0.0088","0","0","0","0","0.0316","0.0109","0.0082","0.0119","0.0468","0.0078","0","0.0137","0.0076","0","0.0163","0","0","0","0.0123","0","0","0","0.0169","0","0.0253","0.0338","0","0","0.0064","0.0094","0.0211","0","3.7371","1.0108"
"12/17/2025 1:00","0.2615","0.2574","0","0","0","0","0.0445","0","0","0","0","0","0","0","0","0","0","0","0","0","0","0","0","0","0.0094","0","0","0.009","0","0","0","0","0","0.0197","0.0105","0.0127","0.0533","0","0.009","0","0","0","0.0115","0","0","0","0.0195","0.0127","0","0","0","0","0.0336","0.0456","0","0","0","0.0297","0","0","3.0642","0.8396"
"12/18/2025 3:00","0.08","0.2011","0","0","0","0","0.0515","0","0","0","0","0","0","0","0","0","0","0","0","0","0","0","0","0","0.008","0","0","0.0026","0","0","0.0187","0","0","0.0205","0.0036","0.0205","0.0251","0","0","0.0342","0","0","0.0354","0","0","0","0.0289","0.0036","0.0175","0","0","0","0","0.0281","0","0.032","0.0056","0","0","0","3.475","0.6169"
"12/19/2025 1:00","0","0.2034","0","0","0","0","0.0398","0","0","0","0","0","0","0","0","0","0","0","0","0","0","0","0","0.0037","0.0074","0.0169","0","0.0096","0.0034","0","0","0.0096","0.031","0","0","0.006","0.0127","0.0042","0","0.0101","0.0046","0","0","0","0","0.0103","0","0.0426","0.0185","0","0","0.0402","0.0253","0","0","0","0","0","0","0","2.8296","0.4993"
"12/20/2025 3:00","0.0511","0.1605","0.0283","0","0","0","0","0","0","0","0","0","0","0.0129","0","0","0","0","0","0.0062","0","0","0.0234","0","0.0054","0","0","0.0133","0.0163","0","0.0541","0","0.0038","0.01","0","0","0.0318","0.0074","0.032","0.0117","0.0175","0","0","0","0","0","0.0876","0","0","0","0","0","0.0197","0.0125","0","0","0","0.0042","0","0.0139","3.5956","0.6236"
"12/20/2025 6:00","0.0437","0.1665","0","0","0","0","0","0","0","0","0","0","0","0","0","0","0","0","0","0","0","0","0","0","0","0","0.0173","0.0062","0","0","0","0","0.0267","0.0412","0.0082","0","0.0133","0.0082","0.0058","0.0444","0.0139","0","0.0283","0","0","0","0","0","0.0581","0.0217","0","0","0.0432","0","0.0088","0.0072","0","0","0","0.0432","3.0494","0.6059"
"12/21/2025 2:00","0.1273","0.2026","0","0","0","0","0.0259","0","0","0","0","0","0","0","0","0","0","0","0","0","0","0","0","0","0.007","0","0.0243","0.0326","0","0","0","0","0.0211","0","0.0205","0","0.0002","0.0042","0.01","0","0.0088","0","0","0","0.0056","0","0","0","0","0","0","0.048","0.0231","0.0255","0","0","0","0","0.0131","0","3.0068","0.5998"
"12/22/2025 3:00","0","0.1634","0","0","0","0","0.0265","0","0","0","0","0","0","0","0","0","0","0","0","0","0","0","0","0","0","0","0","0","0","0","0","0","0","0","0.0119","0.0076","0.0436","0.0213","0","0.0068","0.0665","0","0","0","0","0","0","0.0042","0","0","0","0","0.0265","0","0","0","0","0.0098","0","0","3.3683","0.3881"
"12/23/2025 1:00","0","0.1283","0","0","0","0","0.04","0","0","0","0","0","0","0","0","0","0","0","0","0","0","0","0","0","0.0113","0","0","0.038","0.0225","0","0","0.0193","0.0697","0","0","0","0","0.0149","0","0.032","0.0235","0.1315","0.0103","0","0","0","0","0.0032","0","0","0","0","0","0.0163","0","0.0096","0","0","0","0.0271","3.2344","0.5975"
"12/24/2025 3:00","0","0.1439","0","0","0","0","0","0.0191","0","0","0","0","0","0","0","0","0","0.0142","0","0","0","0","0","0","0.0326","0","0","0","0","0","0","0.0215","0","0.0149","0.0068","0.0082","0","0.0062","0.0197","0","0","0","0","0","0","0","0","0","0","0","0","0","0.0277","0","0","0","0","0","0","0.0066","3.5117","0.3214"
"12/25/2025 1:00","0","0.0846","0","0","0","0","0.0318","0","0","0","0","0","0","0.007","0","0","0","0","0","0","0","0","0","0","0.0177","0","0","0","0","0","0","0","0.008","0","0.0117","0","0.034","0.0283","0.0171","0","0","0.1138","0","0","0","0","0","0","0","0","0","0","0.0235","0.0098","0","0","0.0257","0","0","0","2.6286","0.413"
"12/26/2025 3:00","0","0.1466","0","0","0","0","0.0419","0","0","0","0","0","0","0","0","0","0","0","0","0.006","0","0","0","0","0","0","0","0","0","0","0","0.0135","0","0","0.0283","0","0.0193","0.0115","0","0.01","0.006","0","0","0.0064","0","0","0","0.0048","0","0","0","0.0354","0.0482","0","0","0","0","0","0","0","2.7206","0.3779"
"12/26/2025 13:00","0.0579","0.1435","0","0","0","0","0.0433","0","0","0","0","0","0","0","0","0","0","0","0","0","0","0","0","0","0","0","0","0.0111","0.0458","0","0.0619","0.0088","0","0.0062","0.0066","0.04","0.0068","0.0131","0.01","0.0251","0","0.0687","0","0","0","0","0","0.0068","0","0","0","0","0.0531","0.0195","0","0","0","0","0","0","3.4203","0.6282"
"12/27/2025 1:00","0.0829","0.1613","0","0","0","0","0.022","0","0","0","0","0","0","0","0","0","0","0","0","0","0","0","0","0","0","0","0","0.0195","0.0965","0","0.0338","0","0","0.0173","0.0113","0","0","0.0163","0","0.0179","0","0.0627","0","0","0","0","0","0","0","0","0","0","0.036","0","0","0.0139","0.0058","0.0237","0.0064","0","3.2844","0.6273"
"12/28/2025 4:00","0.0312","0.1193","0","0","0","0","0","0","0","0","0","0","0.0035","0","0","0","0","0","0","0","0","0","0","0.0045","0","0","0","0.0155","0","0","0","0","0.0482","0.0153","0.0117","0","0","0","0","0","0.084","0.1198","0","0","0","0","0","0.0048","0","0","0.0123","0","0.0271","0.0072","0","0","0","0.0058","0","0.0203","3.1358","0.5305"
"12/29/2025 1:00","0","0.1227","0","0","0","0","0.0363","0","0","0","0","0","0","0","0","0","0","0","0","0","0","0","0","0","0","0","0","0.0113","0","0.1035","0","0","0","0.0372","0.04","0.0155","0.0094","0","0","0","0.0215","0.2304","0","0","0","0","0","0.0175","0","0.0267","0","0.0599","0.0141","0.0239","0","0","0","0","0","0.0078","3.8104","0.7777"
"12/30/2025 3:00","0.3959","0.0657","0","0","0","0","0.0312","0","0","0","0","0","0","0","0","0","0","0","0","0","0","0","0","0","0","0","0.031","0","0","0","0","0.0115","0","0","0","0","0.0444","0","0.0509","0","0","0.2587","0","0","0","0","0","0.0133","0","0","0.0275","0","0.0131","0.0101","0","0","0","0","0","0","3.5758","0.9533"
"12/31/2025 1:00","0.3986","0.085","0","0","0","0","0","0","0","0","0","0","0","0","0","0","0","0","0","0","0","0","0","0","0","0","0","0.0121","0","0","0","0","0","0.0251","0.0165","0.0326","0.0603","0.0217","0","0","0.0257","0.1146","0","0","0","0","0.0113","0","0.0302","0","0.0283","0","0.0308","0.0289","0","0","0","0.032","0","0.0291","3.3595","0.9828"
"01/01/2026 3:00","0.3385","0.1332","0","0","0","0","0.0218","0","0","0","0","0","0","0","0","0","0","0","0","0","0","0","0","0","0","0","0","0","0","0","0","0","0","0","0","0","0.0322","0.0201","0","0","0","0.046","0","0","0","0","0.0277","0","0","0","0","0","0","0.0784","0","0","0","0","0","0","1.6634","0.6979"
"01/02/2026 1:00","0.1375","0.0876","0","0","0","0","0","0","0","0","0","0","0","0","0","0","0","0","0","0","0","0","0","0","0","0","0","0","0","0","0","0.0225","0","0","0","0","0","0","0","0","0","0","0","0","0","0","0.0657","0","0","0","0","0","0.0207","0","0","0","0","0","0","0","1.4037","0.334"
"01/03/2026 3:00","0.0811","0.103","0","0","0","0","0","0","0","0","0","0","0","0","0","0","0","0","0","0","0","0","0","0","0","0","0","0","0","0","0","0","0","0","0","0","0.0474","0","0","0","0","0","0.0243","0","0.0368","0","0.0273","0","0.0281","0","0","0.0257","0","0.0245","0","0","0","0","0","0","1.7723","0.3982"
"01/04/2026 2:00","0","0.0657","0","0","0","0","0.0402","0","0","0","0","0","0","0","0","0","0","0","0","0","0","0","0","0","0","0","0","0","0","0","0","0.0207","0","0","0.0205","0","0.0217","0","0","0","0","0.0812","0","0","0","0","0.0285","0","0","0","0","0","0.0545","0","0","0","0","0","0","0","1.2436","0.333"
"01/05/2026 3:00","0.0456","0.0749","0","0","0","0","0","0","0","0","0","0","0","0","0","0","0","0","0","0","0","0","0","0","0","0","0","0","0","0","0","0.0223","0","0.0708","0","0","0","0","0","0","0","0.0318","0","0","0","0","0.0488","0","0","0","0","0","0.0324","0","0","0","0","0.0388","0","0","1.432","0.3654"
"01/06/2026 1:00","0.0895","0.087","0","0","0","0","0","0","0","0","0","0","0","0","0","0","0","0","0","0","0","0","0","0","0","0","0","0","0","0","0","0","0","0","0","0","0","0","0","0","0","0.0394","0","0","0","0.039","0.0784","0","0","0","0","0","0","0.0257","0","0","0","0","0","0","1.4836","0.359"
"01/07/2026 3:00","0.0716","0.062","0","0","0","0","0","0","0","0","0","0","0","0","0","0","0","0","0","0","0","0","0","0","0","0","0","0","0","0","0","0","0","0","0","0","0","0","0.0215","0","0","0","0","0","0","0","0.0756","0","0","0","0","0","0","0.035","0","0","0","0","0","0","1.2805","0.2657"
"01/08/2026 1:00","0.1098","0.0866","0","0","0","0","0","0","0","0","0","0","0","0","0","0","0","0","0","0","0","0","0","0","0","0","0","0","0","0","0","0","0","0","0.0565","0","0","0","0","0","0","0.0332","0","0","0","0","0.0525","0","0","0","0","0","0.0641","0.0225","0","0","0","0.0235","0","0","1.4467","0.4487"
"01/09/2026 3:00","0.0224","0","0","0","0","0","0","0","0","0","0","0","0","0","0","0","0","0","0","0","0","0","0","0","0","0","0","0","0","0","0","0.0249","0","0","0","0","0","0","0","0","0","0","0","0","0","0","0","0","0","0","0","0","0","0.0326","0","0","0","0","0","0","1.2587","0.0799"
"01/10/2026 1:00","0.1607","0.0788","0","0","0","0","0","0","0","0","0","0","0","0","0","0","0","0","0","0","0","0","0","0","0","0","0.078","0","0","0","0","0","0","0","0","0","0.0396","0","0","0","0","0","0","0.0219","0","0.0326","0","0","0","0","0","0","0.0314","0.0271","0","0.0205","0","0","0.0398","0","1.5787","0.5304"
"01/11/2026 4:00","0.2976","0.0468","0","0","0","0","0","0.0218","0","0","0","0","0","0","0","0","0","0","0","0","0","0","0","0","0","0","0.0629","0","0","0","0","0","0","0","0","0","0.0561","0","0","0","0","0","0","0","0","0","0","0","0","0","0","0","0","0.0245","0","0","0","0","0","0","1.5789","0.5097"
"01/12/2026 1:00","0.3214","0.0819","0","0","0","0","0","0","0","0","0","0","0","0","0","0","0","0","0","0","0","0","0","0","0","0","0","0","0","0","0","0","0","0","0","0","0.0448","0","0","0","0","0.0667","0","0","0","0","0","0","0.0251","0","0","0","0","0.0275","0","0","0","0","0","0.0255","2.0019","0.5929"
"01/13/2026 3:00","0.2937","0.092","0","0","0","0","0","0","0","0","0","0","0","0","0","0","0","0","0","0","0","0","0","0","0.0243","0","0","0","0","0","0","0","0","0","0","0","0.0336","0","0","0","0","0.0579","0.0356","0","0","0","0","0","0","0","0","0.0225","0","0","0","0","0","0.0231","0","0","1.7459","0.5827"
"01/14/2026 1:00","0.2933","0.0917","0","0","0","0","0","0","0","0","0","0","0","0","0","0","0","0","0","0","0","0","0","0","0","0","0","0","0","0","0","0","0","0","0","0","0.0605","0","0","0","0.031","0.0464","0","0","0","0","0","0","0","0","0","0","0","0.0201","0","0","0","0","0","0","1.4084","0.543"
"01/15/2026 3:00","0.4507","0.0911","0","0","0","0","0.0365","0","0","0","0","0","0","0","0","0","0","0","0","0","0","0","0","0","0","0","0","0","0","0","0","0","0","0","0","0","0.0511","0","0","0","0","0","0","0","0.0245","0","0","0","0","0","0","0","0","0.0894","0.0261","0","0","0","0","0","1.7467","0.7694"
"01/16/2026 1:00","0.3867","0.0599","0","0","0","0","0","0","0","0","0","0","0","0","0","0","0","0","0","0","0","0","0","0","0","0","0","0","0","0","0","0.0261","0","0","0","0","0.0302","0","0","0","0","0.0752","0","0","0","0.0257","0","0","0.0283","0","0","0","0","0.0484","0.0299","0","0","0","0","0","1.9572","0.7104"
"01/17/2026 3:00","0.4265","0.0571","0","0","0","0","0.0298","0","0","0","0","0","0","0","0","0","0","0","0","0","0","0","0","0","0","0","0","0","0","0","0","0","0","0","0","0","0.0629","0","0","0","0","0.0553","0","0.0392","0","0","0","0","0.0223","0","0","0","0.0211","0","0","0","0","0","0","0","1.7176","0.7142"
"01/18/2026 2:00","0.2239","0.0581","0","0","0","0","0","0","0","0","0","0","0","0","0","0","0","0","0","0","0","0","0","0","0","0","0","0","0","0","0","0","0","0","0","0","0.0304","0","0","0","0","0","0","0","0","0","0","0","0","0","0","0.0549","0.0209","0.0488","0","0","0","0","0","0","1.2953","0.437"
"01/19/2026 3:00","0.3797","0","0","0","0","0","0","0","0","0","0","0","0","0","0","0","0","0","0","0","0","0","0","0","0","0","0","0","0","0","0","0","0","0","0","0","0.0295","0","0","0","0","0.0496","0","0","0","0.0422","0","0","0","0","0","0","0","0","0","0","0","0","0","0","1.5806","0.501"
"01/20/2026 1:00","0.3732","0.0618","0","0","0","0","0","0","0","0","0","0","0","0","0","0","0","0","0","0","0","0","0","0","0","0","0.0316","0","0","0","0","0","0","0","0","0","0.0999","0","0","0","0","0.0549","0","0","0","0","0","0","0","0","0","0.0599","0","0","0","0","0","0","0","0.0249","1.546","0.7062"
"01/21/2026 3:00","0.3869","0.0618","0","0","0","0","0","0","0","0","0","0","0","0","0","0","0","0","0","0","0","0","0","0","0","0","0","0","0","0","0","0","0","0","0","0","0.0468","0","0","0","0","0.083","0","0","0.0223","0","0","0","0","0","0","0","0.0205","0","0","0","0","0","0","0","1.6215","0.6213"
"01/22/2026 1:00","0.3775","0","0","0","0","0","0","0","0","0","0","0","0","0","0","0","0","0","0","0","0","0","0","0","0.0211","0","0","0","0","0","0","0","0","0","0","0","0.0486","0","0","0","0","0.0677","0","0","0","0","0","0","0.0306","0.0267","0","0","0","0.0302","0","0","0","0","0","0","1.5796","0.6024"
"01/23/2026 3:00","0.5326","0.0495","0","0","0","0","0","0","0","0","0","0","0","0","0","0","0","0","0","0","0","0","0","0","0","0","0","0","0","0","0","0","0","0","0","0","0.0637","0","0","0","0","0","0","0","0","0","0","0","0","0","0","0","0","0.0211","0","0","0","0","0","0","1.3999","0.6669"
"01/24/2026 1:00","0.0856","0","0","0","0","0","0.022","0","0","0","0","0","0","0","0","0","0","0","0","0","0","0","0","0","0","0","0","0","0","0","0","0","0","0","0","0","0","0","0","0","0","0","0","0.0426","0","0","0.0434","0","0","0","0","0","0.0253","0","0.0223","0","0","0.0255","0","0","1.4969","0.2667"
"01/25/2026 4:00","0.389","0","0","0","0","0","0.03","0","0","0","0","0","0","0","0","0","0","0","0","0","0","0","0","0","0","0","0","0","0.0505","0","0","0","0","0","0","0","0.0599","0","0","0","0","0.0653","0","0","0","0","0","0","0.0382","0","0","0","0","0.045","0","0","0","0","0","0","1.3966","0.6779"
"01/26/2026 1:00","0.1913","0","0","0","0","0","0","0","0","0","0","0","0","0","0","0","0","0","0","0","0","0","0","0","0","0","0","0","0","0","0","0","0","0","0","0","0","0","0","0","0","0","0","0","0","0","0","0","0","0","0","0","0.0245","0","0","0","0","0","0","0","1.2277","0.2158"
"01/28/2026 1:00","0.3939","0.0435","0","0","0","0","0","0","0","0","0","0","0","0","0","0","0","0","0","0","0","0","0","0","0","0","0","0","0","0","0","0","0","0.0251","0","0","0.0414","0","0","0","0","0.0488","0","0","0","0","0","0","0.0302","0","0","0.0372","0","0.0388","0","0","0","0","0","0","1.3405","0.6589"
"01/29/2026 3:00","0.3481","0","0","0","0","0","0","0","0","0","0","0","0","0","0","0","0","0","0","0","0","0","0","0","0","0","0","0","0","0","0","0","0","0","0","0","0.0591","0","0","0","0","0","0","0","0","0","0","0","0","0","0","0.0549","0","0","0","0","0","0","0","0","1.102","0.4621"
"01/30/2026 1:00","0.1186","0","0","0","0","0","0","0","0","0","0","0","0","0","0","0","0","0","0","0","0","0","0","0","0","0","0","0.0215","0","0","0","0","0","0","0","0","0","0","0.0314","0","0","0.0293","0","0","0","0","0.042","0","0","0","0","0","0.0287","0.0635","0","0","0","0","0","0","1.5444","0.335"
"01/31/2026 1:00","0.3339","0.1082","0","0","0","0","0","0","0","0","0","0","0","0","0","0","0","0","0","0","0","0","0","0","0","0","0","0","0","0","0","0","0","0","0","0","0.0404","0","0","0","0","0","0","0","0","0","0","0","0","0","0","0","0","0","0","0.0378","0","0.0249","0","0","1.4367","0.5452"
"02/01/2026 4:00","0.5901","0","0","0","0","0","0","0","0","0","0","0","0","0","0","0","0","0","0","0","0","0","0","0","0","0","0","0","0","0","0","0","0","0","0","0","0","0","0","0","0","0.0279","0","0","0","0","0","0","0","0","0","0","0","0","0.0223","0","0","0","0","0","1.1207","0.6403"
"02/02/2026 1:00","0.2919","0","0","0","0","0","0","0","0","0","0","0","0","0","0","0","0","0","0","0","0","0","0","0","0","0","0","0.0241","0","0","0","0","0","0","0","0","0","0","0","0","0","0","0","0","0","0","0.0408","0","0.0271","0.0302","0","0","0","0","0","0","0","0","0","0","0.9983","0.4141"
"02/03/2026 3:00","0.4029","0.0503","0","0","0","0","0","0","0","0","0","0","0","0","0","0","0","0","0","0","0","0","0","0","0","0","0","0","0","0","0","0","0","0","0","0","0.0617","0","0","0","0","0","0","0","0","0","0","0","0","0","0","0.0336","0","0","0","0","0","0","0","0","1.226","0.5485"
"02/04/2026 1:00","0.4002","0","0","0","0","0","0","0","0","0","0","0","0","0","0","0","0","0","0","0","0","0","0","0","0","0","0","0","0","0","0","0","0","0","0","0","0","0","0","0","0","0.0836","0","0","0","0","0.0269","0","0","0","0","0.0392","0","0","0","0","0","0","0","0","1.3926","0.5499"
"02/05/2026 3:00","0.4793","0","0","0","0","0","0","0","0","0","0","0","0","0","0","0","0","0","0","0","0","0","0","0","0","0","0","0","0","0","0","0","0","0","0","0","0.0332","0","0","0","0","0.0834","0","0","0","0","0","0","0","0","0","0.0446","0","0.0468","0","0","0","0","0","0","1.3524","0.6873"
"02/06/2026 1:00","0.3695","0.0519","0","0","0","0","0.0228","0.0326","0","0","0","0","0","0","0","0","0","0","0","0","0","0","0","0","0","0","0","0","0","0","0","0","0","0","0","0","0.0283","0","0","0","0","0.0412","0","0","0","0","0","0","0","0","0","0.0388","0","0.0275","0","0","0","0.0225","0","0","1.3589","0.6351"
"02/07/2026 3:00","0.4667","0.0624","0","0","0","0","0","0","0","0","0","0","0","0","0","0","0","0","0","0","0","0","0","0","0","0","0","0","0","0","0","0","0","0","0","0","0","0","0","0","0","0.0551","0","0","0","0","0","0","0","0","0.0231","0","0.0223","0","0","0","0","0","0","0","1.4606","0.6296"
"02/08/2026 2:00","0.3567","0","0","0","0","0","0","0","0","0","0","0","0","0","0","0","0","0","0","0","0","0","0","0","0","0","0","0","0","0","0","0.0348","0","0","0","0","0","0","0","0","0","0","0","0","0","0","0","0","0","0","0","0","0","0.0269","0","0","0","0","0","0","1.0977","0.4184"
"02/09/2026 3:00","0.0638","0.0743","0","0","0","0","0","0.0281","0","0","0","0","0","0","0","0","0","0","0","0","0","0","0","0","0","0","0","0","0","0","0","0","0","0","0","0","0.0517","0","0","0","0","0","0","0","0","0","0.0277","0","0","0","0","0","0","0","0","0","0","0","0","0","0.8187","0.2456"
"02/10/2026 1:00","0.2202","0","0","0","0","0","0","0","0","0","0","0","0","0","0","0","0","0","0","0","0","0","0","0","0","0","0","0","0","0","0","0","0","0","0","0","0","0","0","0","0","0","0","0","0","0","0.0699","0","0","0","0","0","0","0","0","0","0","0","0","0","0.9341","0.2901"
"02/11/2026 3:00","0.0753","0","0","0","0","0","0","0","0","0","0","0","0","0","0","0","0","0","0","0","0","0","0","0","0","0","0","0","0","0","0","0","0","0","0","0","0","0","0","0","0","0","0","0","0","0","0","0","0.0199","0","0","0","0","0","0","0","0","0","0","0","0.956","0.0952"
"02/12/2026 1:00","0.1338","0","0","0","0","0","0","0","0","0","0","0","0","0","0","0","0","0","0","0","0","0","0","0","0","0","0","0","0","0","0","0","0","0","0","0","0","0","0","0","0","0.0358","0","0","0","0","0.0213","0","0","0","0","0","0","0","0","0","0","0","0","0","1.0199","0.1909"
"02/13/2026 3:00","0.187","0","0","0","0","0","0","0","0","0","0","0","0","0","0","0","0","0","0","0","0","0","0","0","0","0","0","0","0","0","0","0.0402","0","0","0","0","0","0","0","0","0","0","0","0","0","0","0","0","0","0","0","0","0","0.0199","0","0","0","0.0316","0","0","1.1237","0.2787"
"02/14/2026 1:00","0.179","0","0","0","0","0","0","0","0","0","0","0","0","0","0","0","0","0","0","0","0","0","0","0","0","0","0","0","0","0","0","0","0","0","0","0","0","0","0","0","0","0","0","0","0","0","0.0426","0","0","0","0","0","0","0.0297","0","0","0","0.0201","0","0","1.0385","0.2714"
"02/15/2026 4:00","0.1203","0.0427","0","0","0","0","0","0","0","0","0","0","0","0","0","0","0","0","0","0","0","0","0","0","0","0","0","0","0","0","0","0","0","0","0","0","0","0","0","0","0","0","0","0","0","0","0.0521","0","0","0","0","0","0","0.0291","0","0","0","0","0","0","0.941","0.2442"
"02/16/2026 1:00","0.1055","0","0","0","0","0","0","0","0","0","0","0","0","0","0","0","0","0","0","0","0","0","0","0","0","0","0","0","0","0","0","0","0","0","0","0","0","0","0","0","0","0","0","0","0","0","0","0","0","0","0.0247","0","0.0225","0","0","0.0332","0","0","0","0","0.9837","0.1859"
"02/17/2026 3:00","0.0441","0","0","0","0","0","0","0.0205","0","0","0","0","0","0","0","0","0","0","0","0","0","0","0","0","0","0","0","0","0","0","0","0","0","0","0","0","0","0","0","0","0","0","0","0","0","0","0.0293","0.0255","0","0","0","0","0","0","0","0","0","0","0","0","0.9293","0.1194"
"02/18/2026 2:00","0.0593","0","0","0","0","0","0","0","0","0","0","0","0","0","0","0","0","0","0","0","0","0","0","0","0","0","0","0","0","0","0","0.0231","0","0","0","0","0.0289","0","0","0","0","0","0","0","0","0","0","0.0223","0","0","0","0.0822","0","0","0","0","0","0","0","0","0.8238","0.2158"
"02/19/2026 4:00","0.178","0","0","0","0","0","0","0","0","0","0","0","0","0","0","0","0","0","0","0","0","0","0","0","0","0","0","0","0","0","0","0","0","0","0","0","0","0","0","0","0","0","0","0","0","0","0.0472","0","0","0","0","0","0","0","0","0","0","0","0.0199","0","0.8142","0.2451"
"02/20/2026 1:00","0.0638","0","0","0","0","0","0","0","0","0","0","0","0","0","0","0","0","0","0","0","0","0","0","0","0","0","0","0","0","0","0","0","0","0","0","0","0","0","0","0","0","0","0","0","0","0","0","0","0","0","0","0","0","0","0","0","0","0.0293","0","0","0.7042","0.0931"
"02/21/2026 3:00","0.117","0","0","0","0","0","0","0","0","0","0","0","0","0","0","0","0","0","0","0","0","0","0","0","0","0","0","0","0","0","0","0","0","0","0","0","0","0","0","0","0","0","0","0","0","0","0","0","0","0","0","0","0","0","0","0","0","0","0","0","0.6312","0.117"
"02/22/2026 2:00","0.0232","0","0","0","0","0","0","0.0216","0","0","0","0","0","0","0","0","0","0","0","0","0","0","0","0","0","0","0","0","0","0","0","0","0","0","0","0","0","0","0","0","0","0","0","0","0","0","0.0243","0","0","0","0","0","0","0","0","0","0","0","0","0","0.9307","0.0691"
"02/23/2026 3:00","0.2681","0","0","0","0","0","0","0","0","0","0","0","0","0","0","0","0","0","0","0","0","0","0","0","0","0","0","0","0","0","0","0","0","0","0","0","0","0","0","0","0","0","0","0","0","0","0","0","0","0","0","0","0","0","0","0","0","0","0","0","0.9048","0.2681"
"02/24/2026 1:00","0.2888","0","0","0","0","0","0","0","0","0","0","0","0","0","0","0","0","0","0","0","0","0","0","0","0","0","0","0","0","0","0","0","0","0","0","0","0.0318","0","0","0","0","0","0","0","0","0","0","0","0","0","0","0","0","0","0","0","0","0.0352","0","0","0.9972","0.3558"
"02/25/2026 3:00","0.0975","0","0","0","0","0","0","0","0","0","0","0","0","0","0","0","0","0","0","0","0","0","0","0","0","0","0","0","0","0","0","0","0","0","0","0","0.0344","0","0","0","0","0","0","0","0","0","0","0","0.0318","0","0","0","0.0271","0","0","0","0","0.0561","0","0","1.4251","0.2469"
"02/26/2026 1:00","0.062","0","0","0","0","0","0","0","0","0","0","0","0","0","0","0","0","0","0","0","0","0","0","0","0","0","0","0","0","0","0","0","0","0","0","0","0.0394","0","0","0","0","0","0","0","0","0","0","0","0","0","0","0.036","0.0225","0","0","0","0","0.0219","0","0","0.9987","0.1818"
"02/27/2026 3:00","0.187","0","0","0","0","0","0","0","0","0","0","0","0","0","0","0","0","0","0","0","0","0","0","0","0","0","0","0","0","0","0","0","0","0","0","0","0.0308","0","0","0","0","0","0","0","0.0396","0","0","0.0297","0","0","0","0.0257","0","0","0","0","0","0","0","0","1.0263","0.3128"
"02/28/2026 1:00","0.2184","0","0","0","0","0","0","0","0","0","0","0","0","0","0","0","0","0","0","0","0","0","0","0","0","0","0","0","0","0","0","0","0","0","0","0","0","0","0","0","0","0","0","0","0","0","0.033","0","0","0","0","0","0.0245","0.0832","0","0","0","0","0","0","1.1082","0.3591"
"03/01/2026 4:00","0.1139","0","0","0","0","0","0","0","0","0","0","0","0","0","0","0","0","0","0","0","0","0","0","0","0","0","0","0","0","0","0","0","0","0","0","0","0.0291","0","0","0","0","0","0","0","0","0","0.0094","0","0.0171","0","0","0.0163","0","0.0259","0","0","0","0.0062","0.0066","0","1.1886","0.2245"
"03/02/2026 1:00","0","0","0","0","0","0","0","0","0","0","0","0","0","0","0","0","0","0","0","0","0","0","0","0","0","0","0","0","0","0","0","0","0","0","0","0","0","0","0","0","0","0","0","0","0","0","0.0697","0","0","0","0","0","0","0","0","0","0","0","0","0.0424","1.1043","0.1121"
"03/03/2026 3:00","0.0761","0","0","0","0","0","0","0","0","0","0","0","0","0","0","0","0","0","0","0","0","0","0","0","0","0","0","0","0","0","0","0","0","0","0","0","0","0","0","0","0","0","0.0157","0.01","0","0","0.0302","0","0","0","0","0","0.0511","0.0334","0","0","0","0","0","0","1.3185","0.2165"
"03/04/2026 1:00","0.2576","0","0","0","0","0","0","0","0","0","0","0","0","0","0","0","0","0","0","0","0","0","0","0","0.0191","0","0","0","0","0","0.0151","0","0","0","0","0","0","0","0","0","0","0","0","0","0","0","0.0689","0","0.0169","0","0","0","0","0","0","0","0","0.0147","0","0","1.368","0.3923"
"03/05/2026 3:00","0.0554","0","0","0","0","0","0","0","0","0","0","0","0","0","0","0","0","0","0","0","0","0","0","0","0","0","0","0","0","0","0","0","0","0","0","0","0","0","0","0","0","0","0.0338","0","0","0","0.0657","0","0","0","0","0.0072","0.0295","0.0072","0.01","0","0","0.0215","0","0","1.1501","0.2303"
"03/06/2026 1:00","0.0794","0","0","0","0","0","0","0","0","0","0","0","0","0.0142","0","0","0","0","0","0","0","0","0","0","0","0","0","0","0","0","0","0","0","0","0","0","0","0","0","0","0","0","0","0","0","0","0","0","0","0","0","0.0149","0.0181","0","0","0","0","0","0","0","0.8927","0.1266"
"03/07/2026 3:00","0.3372","0","0","0","0","0","0","0","0","0","0","0","0","0","0","0","0","0","0","0","0","0","0","0","0","0","0","0","0","0","0","0","0","0","0","0","0","0","0","0","0","0","0","0.0105","0","0","0","0","0","0.0143","0","0.0062","0.006","0","0","0","0","0","0","0","1.0549","0.3742"
"03/08/2026 2:00","0.1548","0","0","0","0","0","0","0","0.0103","0","0","0","0","0","0","0","0","0","0","0","0","0","0","0","0","0","0","0","0","0","0","0","0","0","0","0","0","0","0","0","0","0","0","0","0","0","0.0074","0","0","0","0","0","0.0074","0","0","0.0159","0","0","0","0","1.0105","0.1958"
"03/09/2026 3:00","0.0683","0","0","0","0","0","0","0","0","0","0","0","0","0","0","0","0","0","0","0","0","0","0","0","0","0","0","0","0","0","0","0","0","0","0","0","0.0629","0","0","0","0","0","0","0","0","0","0","0","0","0","0","0","0","0","0","0.1349","0","0","0","0.0109","0.9245","0.277"
"03/10/2026 1:00","0.0993","0","0","0","0","0","0","0","0","0","0","0.0152","0","0.0082","0","0","0","0","0","0","0","0","0.0094","0","0","0","0","0","0","0","0","0","0","0","0","0","0","0","0","0","0","0","0","0","0","0","0.0167","0.0147","0","0","0","0.0233","0","0","0","0","0","0.0155","0.0147","0","1.0033","0.217"
"03/11/2026 3:00","0.1172","0","0","0","0","0","0","0","0","0","0","0","0","0","0","0","0","0","0","0","0","0","0","0","0","0","0","0","0","0","0","0.033","0","0","0","0","0","0","0","0","0","0","0","0","0","0","0.0259","0","0","0","0","0","0","0","0.0046","0","0","0","0","0","1.155","0.1807"
"03/12/2026 1:00","0.0671","0","0","0","0","0","0","0","0","0","0","0","0","0","0","0","0","0","0","0","0","0","0","0","0","0","0","0","0","0","0","0","0","0","0","0","0","0","0","0","0","0","0","0","0","0","0.0177","0","0","0","0","0","0","0.0098","0.0046","0","0","0.0056","0","0","0.7246","0.1048"
"03/13/2026 3:00","0.2299","0","0","0","0","0","0","0","0","0","0","0","0","0","0","0","0","0","0","0","0","0","0","0","0","0","0","0","0","0","0","0.0555","0","0","0","0","0","0","0","0","0","0","0","0","0","0.0171","0.0513","0","0","0","0.0105","0","0","0","0","0","0","0","0","0","1.0555","0.3643"
"03/14/2026 1:00","0.0289","0","0","0","0","0","0","0","0","0","0","0","0","0","0","0","0","0","0","0","0","0","0","0","0","0","0","0","0","0","0","0","0","0","0","0","0","0.049","0","0","0","0","0","0","0","0","0.0261","0","0","0","0","0.0072","0.0171","0","0","0","0","0.0163","0","0","0.8527","0.1446"
"03/15/2026 21:00","0.0482","0","0","0","0","0","0","0","0","0","0","0","0","0","0","0","0","0","0","0","0","0","0","0","0","0","0","0","0","0","0","0","0","0","0","0","0","0","0","0","0","0","0","0","0","0","0","0","0","0","0","0","0","0","0","0","0","0","0.0076","0","0.6117","0.0558"
"03/16/2026 1:00","0.1459","0","0","0","0","0","0","0","0","0","0","0","0","0","0","0","0","0","0","0","0","0","0","0","0","0","0","0","0","0","0","0","0","0","0","0","0","0","0","0","0","0","0","0.0111","0","0","0","0","0.0189","0","0.0259","0","0","0","0","0.0297","0","0.0478","0","0.0117","0.792","0.291"
"03/17/2026 3:00","0.1234","0","0","0","0","0","0","0.0345","0","0","0","0","0","0","0","0","0","0","0","0.0131","0","0","0","0","0.0125","0","0","0","0","0","0","0","0","0","0","0","0","0","0","0","0","0","0","0","0","0","0","0","0","0","0","0","0","0","0","0","0","0","0","0","0.8658","0.1835"
"03/18/2026 1:00","0.0981","0","0","0","0","0","0","0","0","0","0","0","0","0","0","0","0","0","0","0","0","0","0","0","0","0","0","0","0","0","0","0","0","0","0","0","0","0","0","0","0","0","0","0","0","0","0.0074","0","0.0101","0","0","0","0","0.0241","0","0","0","0.0127","0","0","0.863","0.1524"
"03/19/2026 3:00","0.1406","0","0","0","0","0","0","0","0","0","0","0","0","0","0","0","0","0","0","0","0","0","0","0","0","0","0","0","0","0","0","0","0","0","0","0","0","0","0","0","0","0","0","0","0","0","0","0","0","0","0","0","0","0.0217","0","0","0","0","0","0","0.8209","0.1623"
"03/20/2026 1:00","0.1609","0","0","0","0","0","0","0","0","0","0","0","0","0","0","0","0","0","0","0","0","0","0","0","0","0","0.0127","0","0","0","0","0","0","0","0","0","0.0195","0","0","0","0","0","0","0.0225","0","0","0","0.0129","0.0364","0.0193","0","0.0279","0.0056","0.0442","0","0","0","0","0","0","1.0937","0.3619"
"03/21/2026 3:00","0.2044","0","0","0","0","0","0","0","0","0","0","0","0","0","0","0","0","0","0","0","0","0","0","0","0","0","0","0","0","0.0227","0","0","0","0","0","0","0.0344","0","0","0","0","0.0396","0","0","0","0","0","0","0.0209","0.0157","0","0","0","0.0183","0","0","0","0.0185","0","0","1.4543","0.3745"
"03/22/2026 2:00","0.0706","0","0","0","0","0","0","0","0","0","0","0","0","0","0","0","0","0","0","0","0","0","0","0","0","0","0","0","0","0","0","0.034","0","0","0","0","0.0263","0","0","0","0","0","0","0","0","0","0","0","0.0185","0.0133","0","0.0348","0","0.0203","0","0","0","0","0","0","0.9546","0.2178"
"03/23/2026 3:00","0.1515","0","0","0","0","0","0","0","0","0","0","0","0","0","0","0","0","0","0","0","0","0","0","0","0","0","0","0","0","0","0","0","0","0","0","0","0","0","0","0","0","0","0","0","0","0.0098","0.0689","0","0.0177","0.0125","0","0.007","0.0261","0.0209","0","0","0","0","0","0","1.3907","0.3144"
"03/24/2026 1:00","0.2328","0","0","0","0","0","0","0","0","0","0","0","0","0","0.0197","0","0","0","0","0","0","0","0","0","0","0","0","0","0","0","0","0","0","0","0","0","0","0.0165","0","0","0","0.0223","0","0","0","0","0.03","0","0","0","0","0.0155","0.0191","0","0","0","0","0.0269","0","0","1.5119","0.3828"
"03/25/2026 3:00","0.1541","0","0","0","0","0","0","0","0","0","0","0","0","0","0","0","0","0","0","0","0","0","0","0","0","0","0","0","0","0","0","0","0","0","0","0","0.0275","0","0","0","0","0.0251","0","0","0","0","0.0084","0","0.0368","0.0308","0.0111","0.0428","0.0189","0","0","0.0111","0","0.0219","0","0.0157","1.4991","0.4042"
"03/26/2026 1:00","0.0445","0","0","0","0","0","0","0","0","0","0","0","0","0","0","0","0","0","0","0","0","0","0","0","0","0","0","0","0","0","0","0","0","0","0","0","0","0","0","0","0","0","0","0","0","0","0","0","0.0115","0","0","0","0","0.0472","0","0.0127","0.0197","0.0159","0","0","0.8215","0.1515"
"03/27/2026 3:00","0.0431","0","0","0","0","0","0","0","0","0","0","0","0","0","0","0","0","0","0","0","0","0","0","0","0","0","0","0","0","0","0","0","0","0","0","0","0.0295","0","0","0","0","0","0","0","0","0","0","0","0","0","0","0.0573","0","0.0189","0","0","0","0","0","0","0.8268","0.1488"
"03/28/2026 1:00","0.1894","0","0","0","0","0","0","0","0","0","0","0","0","0","0","0","0","0","0","0","0","0","0","0","0","0","0","0","0","0","0","0.0131","0","0","0","0","0","0","0","0","0","0","0.0249","0","0","0","0.0125","0","0","0","0","0","0.0086","0.0263","0","0","0","0","0","0","0.9374","0.2748"
"03/29/2026 4:00","0.2393","0","0","0","0","0","0","0","0","0","0","0","0.015","0","0","0","0","0","0","0","0","0","0","0","0","0","0","0","0.0275","0","0","0","0","0","0","0","0.0139","0","0","0","0","0","0","0.007","0","0","0","0","0","0","0","0.039","0.0239","0.048","0","0","0","0","0","0.0084","1.0395","0.422"
"03/30/2026 1:00","0.2024","0","0","0","0","0","0.022","0","0","0","0","0","0","0","0","0","0","0","0","0","0","0","0","0","0","0","0","0","0","0","0","0","0","0","0","0","0.0376","0","0","0","0","0","0","0","0","0","0","0","0","0.0056","0","0.0336","0","0.0165","0","0","0","0.0103","0","0","1.0945","0.328"
"03/31/2026 3:00","0.046","0","0","0","0","0","0","0.0218","0","0","0","0","0","0","0","0","0","0","0","0","0","0","0","0","0","0","0","0","0","0","0","0","0","0","0","0","0","0","0","0","0","0","0","0","0.0563","0","0.0054","0","0","0","0.004","0.0103","0.0096","0","0","0.0366","0","0","0","0","0.9369","0.19"
"04/01/2026 1:00","0","0","0","0","0","0","0","0","0","0","0","0","0","0","0","0","0","0","0","0","0","0","0","0","0","0","0","0","0","0","0","0.0679","0","0","0","0","0","0","0","0","0","0","0","0","0","0","0.0306","0","0","0","0","0","0","0.0115","0","0","0.0173","0.0155","0","0","0.9102","0.1428"
"04/02/2026 3:00","0","0","0","0","0","0","0","0","0","0","0","0","0","0","0","0","0","0","0","0","0","0","0","0","0","0","0","0","0","0","0","0","0","0","0","0","0","0","0","0","0","0","0","0","0","0","0","0","0","0","0","0","0","0","0","0","0","0.0074","0","0","0.8222","0.0074"
"04/03/2026 1:00","0.078","0","0","0","0","0","0","0","0","0","0","0","0","0","0","0","0","0","0","0","0","0","0","0","0","0","0","0","0","0","0","0","0","0","0","0","0","0","0","0","0","0","0","0","0","0","0.0189","0.0121","0","0","0","0","0","0.0149","0","0","0","0","0","0","0.9152","0.1239"
"04/04/2026 3:00","0.1909","0","0","0","0","0","0","0","0","0","0","0.0127","0","0","0","0","0","0","0","0","0","0","0","0","0","0","0","0.0187","0","0","0","0","0","0","0","0","0","0","0","0","0","0","0","0","0","0.0394","0.0328","0.0223","0","0","0","0","0.0127","0","0","0","0","0","0","0","1.0694","0.3295"
"04/05/2026 2:00","0.2287","0","0","0","0","0","0","0","0","0","0","0","0","0","0","0","0","0","0","0","0","0","0","0","0","0","0","0","0","0","0","0","0","0","0","0","0","0","0","0","0","0","0","0","0","0","0.0137","0.0129","0","0","0","0","0.0239","0.0961","0","0","0","0","0.0312","0","1.4178","0.4065"
"04/06/2026 3:00","0.2775","0","0","0","0","0","0","0","0","0","0","0","0","0","0","0","0","0","0","0","0","0","0","0","0","0","0","0","0","0","0","0","0","0","0","0","0","0","0","0","0","0","0","0","0","0","0","0","0","0","0","0","0","0.0541","0","0","0","0","0","0","1.3037","0.3316"
"04/07/2026 1:00","0.2258","0","0","0","0","0","0","0","0","0","0","0","0","0","0","0","0","0","0","0","0","0","0","0","0","0","0","0","0","0.0177","0","0","0","0","0","0","0.0374","0","0","0","0","0","0","0","0","0","0","0.006","0","0","0","0.0135","0.0137","0","0","0","0","0","0","0","1.4001","0.3141"
"04/08/2026 3:00","0.173","0","0","0","0","0","0","0","0","0","0","0","0","0","0","0","0","0","0","0","0","0","0","0","0","0","0","0","0","0","0","0","0","0","0","0","0.0247","0","0","0","0","0","0","0.0066","0","0","0","0","0","0","0","0.0119","0.0141","0.0181","0","0.0191","0","0","0.01","0","1.0119","0.2775"
"04/09/2026 1:00","0.1611","0","0","0","0","0","0","0","0","0","0","0","0","0","0","0","0","0","0","0","0","0","0","0","0","0","0","0","0","0","0","0","0","0","0","0","0.0302","0","0","0","0","0","0","0.0103","0","0","0.0215","0","0.009","0.0231","0","0.0147","0","0.0101","0","0","0","0","0","0","1.4086","0.28"
"04/10/2026 3:00","0.1002","0","0","0","0","0","0","0","0","0","0","0","0","0","0","0","0","0","0","0","0","0","0","0.0224","0","0","0","0","0","0","0","0","0","0","0","0","0.0255","0","0","0","0.0444","0","0","0","0","0.0185","0","0.0115","0","0.0115","0.0072","0.0117","0","0","0","0","0","0","0","0","1.1133","0.2529"
"04/11/2026 1:00","0.0421","0","0","0","0","0","0","0.0333","0","0","0","0","0","0","0","0","0","0","0","0","0","0","0","0","0","0","0","0","0","0","0","0","0","0","0","0","0","0","0","0","0","0","0.0201","0","0","0","0","0","0","0","0","0.006","0.0185","0.0382","0","0","0","0.0155","0","0","0.9318","0.1737"
"04/12/2026 4:00","0.1145","0","0","0","0","0","0","0","0","0","0","0","0","0","0","0","0","0","0","0","0","0","0","0","0","0","0","0","0","0","0","0.0201","0","0","0","0","0","0","0","0","0","0.0243","0","0.0068","0","0","0.0627","0.0173","0.0217","0","0","0","0","0.0376","0","0","0","0","0","0.0231","0.9584","0.3281"
"04/13/2026 1:00","0","0","0.0294","0","0","0","0","0","0","0","0","0","0","0","0","0","0","0","0","0","0","0","0","0","0","0","0","0","0","0","0","0.0376","0","0","0","0","0","0","0","0","0","0","0","0","0","0.0167","0.0121","0","0","0","0","0","0","0.0328","0","0","0","0","0","0","1.0376","0.1286"
"04/14/2026 3:00","0.056","0","0","0","0","0","0","0","0","0","0","0","0.0119","0","0","0","0","0","0","0","0","0","0","0","0","0","0","0","0","0","0","0","0","0","0","0","0","0","0","0","0","0","0","0","0","0","0.0416","0","0","0","0","0","0","0","0","0","0","0","0.0143","0","0.8129","0.1238"
"04/15/2026 1:00","0.0917","0","0","0","0","0","0","0","0","0","0","0","0","0","0","0","0","0","0","0","0","0","0","0","0","0","0","0","0","0","0","0","0","0","0","0","0","0","0","0","0","0","0.0135","0.006","0","0","0","0","0","0","0","0.0241","0.0203","0","0","0","0","0","0","0","0.942","0.1556"
"04/16/2026 3:00","0.0339","0","0","0","0","0","0","0","0","0","0","0.0076","0","0","0","0","0","0.0146","0","0","0","0","0","0.008","0","0","0","0","0","0","0","0","0","0","0","0","0","0","0","0","0","0","0","0","0","0","0.0412","0","0","0","0","0","0","0","0","0","0","0","0","0","0.8655","0.1053"
"04/17/2026 1:00","0.0743","0","0","0","0","0","0","0","0","0","0","0","0","0","0","0","0","0","0","0","0","0","0","0","0","0","0","0","0","0","0","0","0","0","0","0","0","0","0","0","0","0","0","0","0","0","0","0","0","0","0","0","0","0","0","0","0.0304","0","0","0.0066","0.8002","0.1113"
"04/18/2026 3:00","0.1831","0","0","0","0","0","0","0","0","0","0","0","0","0","0","0","0","0","0","0","0","0","0","0","0","0","0","0","0","0","0","0","0","0","0","0","0","0","0","0","0","0","0","0","0","0.007","0","0","0","0","0","0","0","0","0.009","0","0","0.0257","0","0","0.8706","0.2248"
"04/18/2026 19:00","0","0","0","0","0","0","0","0","0","0","0","0","0","0","0","0","0","0","0","0","0","0","0","0","0","0","0","0","0","0","0","0","0","0","0","0","0","0","0","0","0","0","0","0","0","0","0","0","0","0","0","0","0","0","0","0","0","0","0","0","0","0"
"04/18/2026 20:00","0","0","0","0","0","0","0","0","0","0","0","0","0","0","0","0","0","0","0","0","0","0","0","0","0","0","0","0","0","0","0","0","0","0","0","0","0","0","0","0","0","0","0","0","0","0","0","0","0","0","0","0","0","0","0","0","0","0","0","0","0","0"
"04/18/2026 21:00","0","0","0","0","0","0","0","0","0","0","0","0","0","0","0","0","0","0","0","0","0","0","0","0","0","0","0","0","0","0","0","0","0","0","0","0","0","0","0","0","0","0","0","0","0","0","0","0","0","0","0","0","0","0","0","0","0","0","0","0","0","0"
"04/18/2026 22:00","0","0","0","0","0","0","0","0","0","0","0","0","0","0","0","0","0","0","0","0","0","0","0","0","0","0","0","0","0","0","0","0","0","0","0","0","0","0","0","0","0","0","0","0","0","0","0","0","0","0","0","0","0","0","0","0","0","0","0","0","0","0"
"04/18/2026 23:00","0","0","0","0","0","0","0","0","0","0","0","0","0","0","0","0","0","0","0","0","0","0","0","0","0","0","0","0","0","0","0","0","0","0","0","0","0","0","0","0","0","0","0","0","0","0","0","0","0","0","0","0","0","0","0","0","0","0","0","0","0","0"
"04/19/2026 0:00","0","0","0","0","0","0","0","0","0","0","0","0","0","0","0","0","0","0","0","0","0","0","0","0","0","0","0","0","0","0","0","0","0","0","0","0","0","0","0","0","0","0","0","0","0","0","0","0","0","0","0","0","0","0","0","0","0","0","0","0","0","0"
"04/19/2026 1:00","0","0","0","0","0","0","0","0","0","0","0","0","0","0","0","0","0","0","0","0","0","0","0","0","0","0","0","0","0","0","0","0","0","0","0","0","0","0","0","0","0","0","0","0","0","0","0","0","0","0","0","0","0","0","0","0","0","0","0","0","0","0"
"04/19/2026 2:00","0","0","0","0","0","0","0","0","0","0","0","0","0","0","0","0","0","0","0","0","0","0","0","0","0","0","0","0","0","0","0","0","0","0","0","0","0","0","0","0","0","0","0","0","0","0","0","0","0","0","0","0","0","0","0","0","0","0","0","0","0","0"
"04/19/2026 18:00","0","0","0","0","0","0.0868","0","0","0","0","0","0","0","0","0","0","0","0","0","0","0","0","0","0","0","0","0","0","0","0","0","0","0","0","0","0","0","0","0","0","0","0","0.1952","0","0","0","0.0374","0","0.01","0.0101","0","0","0","0","0","0","0.0505","0","0.0702","0.1833","4.332","0.6435"
"04/19/2026 19:00","0","0","0","0","0","0","0","0","0","0","0","0","0","0","0","0","0","0","0","0","0","0","0","0","0","0","0","0","0","0","0","0","0","0","0","0","0","0","0","0","0","0","0.0927","0","0","0","0.0197","0","0","0","0","0","0","0","0","0","0","0","0.0072","0.0667","3.1765","0.1863"
"04/19/2026 20:00","0","0","0","0","0","0","0","0","0","0","0","0","0","0","0","0","0","0","0","0","0","0","0","0","0","0","0","0","0","0","0","0","0","0","0","0","0","0","0","0","0","0","0.1218","0","0","0.0119","0.04","0","0","0","0","0","0.0103","0","0","0","0","0","0.0072","0.0466","2.567","0.2378"
"04/19/2026 21:00","0","0","0","0","0","0","0","0","0","0","0","0","0","0","0","0","0","0","0","0","0.0109","0","0","0","0","0","0","0","0","0","0","0","0","0","0","0","0","0","0","0","0","0","0.2201","0.0277","0.0094","0.0068","0.0511","0","0.0243","0","0","0","0","0","0","0","0","0.0231","0","0.0993","3.3713","0.4727"
"04/19/2026 22:00","0","0","0","0","0","0.0831","0","0","0","0","0","0","0","0","0","0","0","0","0","0","0","0","0","0","0","0","0.0593","0","0","0.0135","0","0","0","0","0","0","0","0","0","0","0","0","0.0078","0","0.0101","0","0.0418","0","0.0098","0","0.0376","0","0","0","0","0","0","0","0","0.0468","3.0354","0.3098"
"04/19/2026 23:00","0","0","0","0","0","0.0606","0","0","0","0","0","0","0","0","0","0","0","0","0","0","0","0","0","0","0","0","0","0","0","0","0","0","0","0","0","0","0","0","0","0","0","0","0.0432","0","0","0","0","0","0","0","0","0.0145","0","0","0","0","0","0","0","0.0888","2.74","0.2071"
"04/20/2026 4:00","0","0","0","0","0","0","0","0","0","0","0","0","0","0","0","0","0","0","0","0","0","0","0","0","0","0","0","0.0302","0","0","0","0","0","0","0","0","0","0","0","0","0","0","0.035","0","0.0064","0","0.0281","0","0","0","0","0","0.0078","0","0","0","0.4639","0","0","0.0615","3.4625","0.6329"
"04/21/2026 1:00","0","0","0","0","0","0","0","0","0","0","0","0","0","0","0","0","0","0","0","0","0","0","0","0","0","0","0","0","0","0","0","0","0","0","0.0139","0","0","0","0","0","0","0","0.0533","0","0","0","0.0183","0","0","0","0.0098","0","0","0","0","0","0.0308","0","0.0082","0","2.0806","0.1343"
"04/22/2026 3:00","0","0","0","0","0","0","0","0","0","0","0","0","0.0146","0","0","0","0","0.048","0.0203","0","0","0","0","0","0","0","0","0","0","0","0","0","0","0","0","0","0","0","0","0","0","0","0.0149","0.0068","0","0","0.0141","0","0","0","0","0.0203","0","0","0","0","0.049","0","0.0159","0","2.2313","0.2039"
"04/23/2026 2:00","0.0704","0.1724","0","0","0","0","0","0","0","0","0","0","0","0","0","0","0","0.0086","0.0263","0","0","0","0","0","0","0","0","0.1767","0","0","0","0","0","0","0","0","0","0","0","0","0","0.0137","0","0","0","0.0155","0.0141","0","0.0336","0","0.0213","0","0.0263","0.0665","0","0","0.0223","0.0482","0.0068","0.1138","2.0382","0.8365"
"04/24/2026 3:00","0.0632","0.1468","0","0","0","0.0546","0","0.0203","0","0","0","0","0","0","0","0","0","0","0","0","0","0","0","0","0","0","0","0.1106","0","0","0","0","0","0","0.0187","0","0","0","0","0","0","0.0191","0","0.0086","0","0","0","0","0","0","0","0","0.0253","0.04","0","0","0","0.0289","0","0","1.6043","0.5361"
"04/25/2026 1:00","0.0394","0.1045","0","0","0","0","0","0","0","0","0.0099","0","0","0.007","0","0","0.0228","0","0","0","0","0","0","0","0","0","0","0.1075","0","0","0","0.05","0","0","0","0","0","0","0","0","0","0","0","0","0","0","0.0358","0","0.0159","0","0","0","0.0119","0","0","0","0.0113","0.0511","0","0","1.412","0.4671"
"04/25/2026 6:00","0.0899","0.1211","0","0","0","0","0","0","0","0","0","0","0","0","0","0","0","0","0","0","0","0","0","0","0","0","0","0.1383","0.0209","0","0","0","0","0","0","0","0.0927","0","0","0","0","0.1451","0","0","0","0","0.037","0.2121","0","0","0","0","0.0078","0.4024","0","0","0","0.4862","0.0239","0","2.6694","1.7774"
"04/26/2026 4:00","0.0858","0.1364","0","0","0","0","0","0","0","0","0","0","0","0","0","0.0173","0","0","0","0","0","0","0","0","0","0","0","0.1631","0","0","0","0","0","0","0","0","0","0","0","0","0","0","0","0","0","0","0.0636","0","0","0","0","0","0","0.0304","0","0","0.0264","0.0579","0","0","1.78","0.5809"
"04/27/2026 1:00","0.1277","0.127","0","0","0","0","0","0","0","0","0","0","0","0","0","0.0137","0","0","0","0","0","0","0.0091","0","0","0","0","0","0","0","0","0.0325","0","0","0","0","0.0222","0","0","0","0","0","0","0.0093","0","0","0.0722","0","0.0357","0","0","0.0072","0.0367","0","0","0","0.022","0.028","0","0.0727","2.1885","0.616"
"04/28/2026 3:00","0.2322","0.0933","0","0","0","0","0","0","0","0","0","0","0","0","0","0","0","0","0","0","0.031","0","0","0","0","0","0","0.3364","0","0","0","0","0","0","0","0","0","0","0","0","0","0","0","0.035","0","0","0.0542","0.0336","0.0346","0","0","0","0.0278","0.0297","0","0","0","0","0","0.147","2.6832","1.0548"
"04/29/2026 1:00","0.2317","0.1252","0","0","0","0","0","0","0","0","0","0","0","0","0","0.0084","0","0","0","0","0.0096","0","0","0","0","0","0","0.3374","0","0","0","0","0","0","0","0","0","0","0","0","0","0","0","0","0","0","0.0551","0","0.0388","0","0","0","0.0383","0.0484","0","0","0.0096","0","0","0.0925","2.2567","0.995"
"04/30/2026 3:00","0.114","0.1232","0","0","0","0","0","0","0","0","0","0","0","0","0","0","0","0","0","0","0","0","0.0089","0","0","0","0","0.2645","0","0","0","0","0","0","0","0","0","0","0","0","0","0","0","0.0215","0","0","0.0451","0.071","0","0","0.0084","0","0.0222","0","0","0","0.0234","0.0171","0","0","1.7944","0.7193"
"05/01/2026 1:00","0.0562","0.071","0","0","0","0","0","0","0","0","0","0","0","0","0","0","0","0","0","0","0","0","0","0","0","0","0","0.061","0","0","0","0","0","0","0","0","0","0","0","0","0","0","0","0","0","0","0.0229","0","0","0","0","0","0.0107","0.0285","0","0.0129","0.0278","0","0","0.0353","1.3608","0.3263"
"05/02/2026 3:00","0.1846","0.0649","0","0","0","0","0","0","0","0","0","0","0","0","0","0","0","0","0","0","0","0","0","0","0","0","0","0.3904","0","0","0","0","0","0","0","0","0","0","0","0","0","0","0","0","0","0","0.0666","0","0","0.0182","0","0","0","0.0273","0","0","0.0355","0.0505","0.0456","0.0245","1.7464","0.9081"
"05/03/2026 2:00","0.1762","0.099","0","0","0","0","0","0","0","0","0","0","0","0","0","0","0","0","0","0","0","0","0","0","0","0","0","0.2495","0","0","0","0","0","0","0","0","0","0","0","0","0","0","0","0","0","0","0.0388","0.0294","0","0","0","0","0","0.0407","0","0.04","0.0397","0.0804","0","0","1.5926","0.7937"
"05/04/2026 3:00","0.1216","0.102","0","0","0","0","0","0","0.0232","0","0","0","0","0","0","0","0","0","0","0","0","0","0","0","0","0","0","0.2995","0","0","0","0","0","0","0","0.0178","0","0","0","0","0","0","0","0","0.0056","0.0178","0.0544","0","0.0318","0","0","0","0.0297","0.0551","0","0.0231","0.0327","0.0533","0.0105","0","1.9261","0.8781"
"05/05/2026 1:00","0.0633","0","0","0","0","0","0","0","0","0","0","0","0","0","0","0","0","0","0","0","0","0","0","0","0","0","0","0","0","0","0","0.0423","0","0.0206","0","0","0","0","0","0","0","0","0","0","0","0","0.1086","0","0.0325","0","0","0","0.0311","0.0178","0","0.0528","0.0675","0","0","0","1.9073","0.4365"
"05/06/2026 3:00","0.0437","0","0","0","0","0","0","0","0","0","0","0","0","0","0","0","0","0","0","0","0","0","0.0071","0","0","0","0","0","0","0","0","0","0","0","0","0","0","0","0","0","0","0","0","0","0","0","0.0995","0.0114","0.0196","0","0","0","0.0278","0.082","0","0","0.0332","0.0346","0","0.0336","1.882","0.3925"
"05/07/2026 1:00","0.1109","0","0","0","0","0","0","0","0","0","0","0","0","0","0","0","0","0","0","0","0","0","0","0","0","0","0","0.2958","0","0","0","0","0","0","0","0","0","0","0","0","0","0","0","0","0","0","0.0614","0","0","0","0","0","0.0173","0.0411","0","0","0.039","0.0222","0","0","1.4125","0.5877"
"05/08/2026 3:00","0.2263","0.1147","0","0","0","0","0","0","0","0","0","0","0","0","0","0","0","0","0","0","0","0","0","0","0","0","0","0","0","0","0","0.025","0","0","0","0","0.0227","0","0","0","0","0","0","0","0.0243","0","0.1035","0","0.0285","0","0","0","0","0.0367","0","0","0.061","0.0598","0","0.014","2.238","0.7165"
"05/09/2026 1:00","0.0621","0","0","0","0.0369","0","0","0","0","0","0","0","0","0.0091","0","0","0","0","0","0","0","0","0","0","0","0.0477","0","0.3313","0","0","0","0","0","0","0","0","0","0","0","0","0","0","0","0","0","0","0.1026","0","0","0","0","0","0","0","0","0","0.0402","0","0","0","1.5773","0.6299"
"05/10/2026 4:00","0.1691","0","0","0","0","0","0","0","0","0","0","0","0","0","0","0","0","0","0","0","0","0","0","0","0","0","0","0.3675","0","0","0","0","0","0","0","0","0","0","0","0","0","0","0","0","0","0","0.0769","0","0.0512","0.0243","0","0","0","0.0386","0","0","0.0636","0.0318","0","0","1.6749","0.823"
"05/11/2026 1:00","0.1616","0","0","0","0","0","0","0","0","0","0","0","0","0","0","0","0","0","0","0","0","0","0","0","0","0","0","0.4645","0","0","0","0","0","0","0","0","0","0","0","0","0","0","0","0","0","0","0.1273","0","0.0068","0","0","0","0","0","0","0","0.035","0.015","0","0.0815","1.8639","0.8917"
"05/12/2026 3:00","0.1703","0","0","0","0","0","0","0","0","0","0","0","0","0","0","0","0","0","0","0","0","0","0","0","0","0","0","0.4357","0","0","0","0","0","0","0","0","0.0512","0","0","0","0","0.0393","0","0","0","0","0.1484","0","0.0304","0","0","0","0.0201","0.0523","0","0.0484","0.0736","0","0","0.0395","2.0061","1.1092"
"05/13/2026 1:00","0.1543","0.0565","0","0","0","0","0","0","0","0","0","0.0064","0","0","0","0","0","0","0","0","0","0","0","0","0","0","0","0","0","0","0","0","0","0","0","0","0","0","0","0","0","0","0","0","0","0","0.1558","0","0.0294","0","0","0","0.0105","0.021","0","0.0409","0.047","0.0241","0.0096","0","2.1822","0.5555"
"05/14/2026 1:00","0","0","0","0","0.0319","0","0","0","0","0","0","0","0","0.0167","0","0","0","0","0","0.0157","0","0","0","0","0","0","0","0","0.0096","0","0","0","0","0","0.0069","0.0084","0","0","0","0","0","0","0","0","0.0318","0.0126","0.0153","0","0","0","0","0","0.0232","0.0296","0","0.0076","0.0493","0.0498","0","0.0479","1.6382","0.3563"
"05/14/2026 2:00","0","0","0","0","0","0","0","0","0","0","0","0","0","0","0","0","0","0","0","0","0","0","0","0","0","0","0","0","0","0","0","0.0368","0","0","0.0264","0","0","0","0","0","0","0","0","0","0","0.0042","0.0375","0","0","0","0","0","0.0113","0.0183","0","0.0047","0.0133","0.0049","0","0","1.2073","0.1574"
"05/14/2026 7:00","0.0545","0","0","0","0","0","0","0","0","0","0","0","0.0095","0","0","0","0","0","0","0","0.0276","0","0","0","0","0","0","0","0","0.0111","0","0","0","0","0","0","0.0619","0.0079","0","0","0","0.1732","0","0","0","0","0.0089","0.2","0","0","0","0","0","0.3981","0","0","0.0037","0.0106","0","0.0323","3.0067","0.9993"
"05/14/2026 8:00","0.0362","0","0","0","0","0","0","0","0","0","0","0","0","0","0","0","0","0","0","0","0","0","0","0","0.0086","0","0.0086","0","0","0","0","0","0","0","0","0","0","0","0","0","0","0","0","0","0","0","0.0247","0.0323","0.0072","0","0","0","0.0128","0.0673","0.0086","0","0","0.0141","0","0","1.5118","0.2204"
"05/15/2026 3:00","0.1289","0","0","0","0","0","0","0","0","0","0","0","0","0","0","0","0","0","0","0","0","0","0","0","0.0057","0","0","0","0.0069","0.0074","0","0","0","0","0","0","0","0","0.0264","0.0086","0","0","0","0","0","0","0.0831","0","0.0104","0","0","0","0.0042","0","0.0116","0.0271","0.0212","0.0779","0","0.0175","1.7747","0.4369"
"05/15/2026 4:00","0.1201","0","0","0","0","0","0","0","0","0","0","0","0","0","0","0","0","0","0","0","0","0","0","0","0","0","0","0","0","0","0","0","0","0","0.0111","0","0","0","0","0","0","0","0","0","0","0","0.0553","0","0","0","0","0","0","0.0099","0.0128","0.0111","0.0254","0.0079","0.0072","0.0047","1.7339","0.2655"
"05/15/2026 9:00","0.1722","0","0","0.0592","0","0","0","0","0","0","0","0","0","0","0","0","0","0","0","0","0","0","0","0","0","0","0","0","0","0","0","0.0074","0","0","0","0","0","0","0","0","0.0086","0","0","0.0104","0","0","0.0678","0","0.0279","0.0047","0","0","0.0054","0","0","0.0054","0","0","0","0.0037","1.5765","0.3727"
"05/16/2026 1:00","0","0","0","0","0","0","0","0","0","0","0","0","0","0","0","0","0","0","0","0","0","0","0","0","0","0","0","0.0126","0","0","0","0","0","0","0","0","0","0","0","0","0","0","0","0","0","0","0.0582","0.0217","0","0","0","0","0","0","0","0","0.022","0.0335","0","0.0052","1.1474","0.1532"
"05/16/2026 12:00","0.0759","0.0706","0","0","0","0","0","0","0","0","0","0","0","0","0","0","0","0","0","0","0","0","0","0","0.0178","0","0","0","0","0.0089","0","0","0","0","0","0","0","0","0","0","0","0","0","0","0","0","0.1732","0","0.0168","0","0","0","0","0","0.0133","0.0074","0.0106","0","0.0185","0","1.9361","0.413"
"05/16/2026 17:00","0","0","0","0","0","0","0","0","0","0","0","0","0","0","0","0","0","0","0","0","0","0","0","0","0.0044","0","0","0","0","0","0","0.0419","0.0089","0","0","0","0","0.0133","0.017","0","0","0","0.0141","0","0","0","0.0158","0","0.0109","0","0.0054","0","0","0","0","0.0091","0.057","0","0","0","1.2688","0.1978"
"05/17/2026 4:00","0.0371","0","0","0","0","0","0","0","0","0","0","0","0","0","0","0","0","0","0","0","0","0","0.019","0","0","0","0","0","0","0","0","0","0","0","0","0","0","0","0","0.0133","0","0","0","0","0","0","0.0086","0","0","0","0","0","0.0044","0.0187","0","0","0","0.0141","0","0","0.9639","0.1152"
"05/17/2026 18:00","0","0","0","0","0","0","0","0","0","0","0","0","0.0119","0","0","0","0","0","0","0","0","0","0","0","0","0","0","0","0","0","0","0","0","0","0","0","0","0","0","0","0","0","0","0","0.0079","0","0.1325","0","0.0178","0","0","0","0.0175","0","0.0084","0","0.1014","0.0062","0","0","1.3323","0.3036"
"05/17/2026 23:00","0","0","0","0","0","0","0","0","0","0","0","0","0","0","0","0","0","0","0.0195","0","0","0","0","0","0","0","0","0","0","0","0","0","0","0","0","0","0","0","0","0","0","0","0.0072","0.0123","0.0113","0","0.0239","0","0","0","0","0.0131","0","0","0","0","0.0207","0","0.0291","0.0054","1.2945","0.1425"
"05/18/2026 1:00","0.0483","0","0","0","0","0","0","0","0","0","0","0.0145","0","0","0","0.0128","0","0","0","0","0","0","0","0","0.0052","0","0","0","0","0","0","0.0222","0","0","0","0","0","0","0","0","0","0","0.0074","0.0094","0","0.0244","0.0486","0.0047","0.0072","0.0131","0","0","0.0136","0.0158","0","0.0318","0.0121","0","0","0","1.5436","0.2911"
"05/19/2026 3:00","0.1263","0","0","0","0","0","0","0","0","0","0","0","0","0","0","0","0","0","0","0","0","0","0","0","0.0076","0","0","0","0","0","0","0","0","0","0","0","0","0","0","0","0","0","0","0.0195","0","0","0.0619","0","0.0091","0","0","0","0","0.0313","0","0.0222","0.022","0.037","0","0.0249","1.6168","0.3618"
"05/19/2026 13:00","0.0814","0","0","0","0","0","0","0","0","0","0","0","0","0","0","0","0","0","0","0","0","0","0","0","0","0","0","0.0244","0","0","0.0101","0.0101","0","0.0397","0","0","0","0","0","0","0.0136","0","0","0","0.0074","0","0.109","0","0.0111","0","0","0.0076","0","0","0.0059","0","0.0533","0","0","0","2.0634","0.3736"
"05/19/2026 14:00","0.078","0","0","0","0","0","0","0.015","0","0","0","0","0","0","0","0","0","0","0","0","0","0","0","0","0.0049","0","0","0","0","0.0123","0","0","0","0","0.0106","0","0.0207","0","0","0","0","0","0","0","0","0","0.018","0.0259","0","0.0059","0.0101","0","0","0","0.0158","0","0.0328","0","0","0","1.663","0.25"
"05/19/2026 19:00","0.0497","0.0421","0","0","0","0","0","0.0231","0","0","0","0","0","0.0828","0","0","0","0","0","0","0","0","0","0","0","0","0","0","0","0.0074","0","0","0","0","0","0.016","0.0634","0","0","0","0","0.1606","0","0","0","0","0.0039","0.2139","0","0","0","0","0","0.3826","0","0.0057","0","0.6221","0","0","2.6313","1.6733"
"05/19/2026 20:00","0","0","0","0","0","0","0","0","0","0","0","0","0.0095","0","0","0","0","0","0","0","0","0","0","0","0","0","0","0","0","0","0","0","0","0","0.0173","0","0","0.003","0","0","0","0.0826","0","0","0","0","0.017","0.0163","0.0143","0","0","0","0","0.0298","0.0094","0","0","0.0363","0.0133","0.0081","1.4401","0.2569"
"05/20/2026 1:00","0.1166","0","0","0","0","0","0","0","0","0","0","0","0","0","0","0","0","0","0","0","0","0","0","0","0","0","0","0.3234","0","0","0","0","0","0","0","0","0","0","0","0","0","0","0","0","0","0","0.0577","0","0","0","0.0074","0","0.0476","0.0385","0","0","0","0.0479","0","0","1.3695","0.6391"
"05/21/2026 3:00","0.0985","0","0","0","0","0","0","0.0359","0","0","0","0","0","0","0","0","0","0","0","0","0","0","0","0","0","0","0","0.4396","0","0","0","0","0","0","0","0","0","0","0","0","0","0","0","0","0","0","0.0821","0","0","0","0.0104","0","0.0353","0","0","0","0.0335","0.0634","0","0","1.7006","0.7987"
"05/22/2026 1:00","0.0799","0","0","0","0","0","0","0.0381","0","0","0","0","0.0274","0","0","0","0","0","0","0","0","0","0","0","0.1811","0","0","0.4768","0.0242","0","0","0.3495","0","0","0","0","0.1112","0","0","0.0488","0","0.0501","0.1663","0.0612","0.0141","0","0.5042","0","0.1001","0","0","0.1381","0.7144","0.0895","0","8.5005","0.2077","0","0.0419","0.4398","40.0883","12.3649"
"05/22/2026 7:00","0.1063","0","0","0","0","0","0","0","0","0","0","0","0","0","0","0","0","0","0","0","0.0509","0","0","0","0.0903","0","0","0.3818","0","0","0","0.0481","0","0","0","0","0.148","0","0","0","0","0.2121","0","0.0168","0.0372","0","0.3944","0.2272","0","0.0257","0","0.0481","0.5718","0.4672","0","0","0.1455","0","0","0.3942","21.2834","3.3656"
"05/22/2026 8:00","0.117","0.0551","0","0","0","0","0","0","0","0","0","0","0","0","0","0","0","0","0","0","0.0242","0","0","0","0.1099","0","0","0.2793","0","0.0344","0","0.1998","0","0","0","0","0.0969","0","0","0","0","0.0563","0","0","0.0138","0","0.3088","0.0317","0.0441","0","0","0.0326","0.3871","0.0724","0","0","0.1845","0.0711","0.0334","0.243","18.8378","2.3954"
"05/23/2026 3:00","0.1797","0","0","0","0","0","0","0","0","0","0","0","0","0","0","0","0","0","0","0","0","0","0","0","0.0602","0","0","0.5244","0","0","0","0.0447","0","0","0","0","0.0555","0","0","0","0","0","0.0701","0","0","0","0.2552","0","0.0917","0","0","0.0971","0.288","0.0497","0","0.0241","0.2018","0","0","0.2533","8.345","2.1955"
"05/24/2026 2:00","0.1402","0","0","0","0","0","0","0","0","0","0","0","0","0","0","0","0","0","0","0","0","0","0","0","0","0","0","0.3375","0","0","0","0.1859","0","0","0.0359","0","0","0","0","0","0","0.0307","0","0","0","0","0.3012","0","0.0577","0","0","0.0165","0.182","0.0297","0","0.0538","0.0926","0.0575","0","0.0719","4.8726","1.5931"
"05/25/2026 3:00","0.1436","0","0","0","0","0","0","0","0","0","0","0","0","0","0","0","0","0","0","0","0","0","0","0","0","0","0","0","0","0","0","0.1222","0","0","0","0","0.0371","0","0","0","0","0.0124","0","0.0272","0","0","0.3276","0","0.127","0.0097","0","0.0355","0.2121","0.0363","0","0","0.1468","0","0","0.162","5.2235","1.3995"
"05/26/2026 1:00","0.0631","0","0","0","0","0","0","0","0","0","0","0","0","0","0","0","0","0","0","0","0","0","0","0","0","0","0","0.3991","0","0.0744","0","0.113","0","0","0","0","0","0","0","0","0","0","0","0","0","0","0.2942","0","0.1212","0","0","0","0.1439","0.02","0","0.0497","0.1585","0.0274","0","0","4.4315","1.4645"
"05/27/2026 10:00","0.032","0","0","0","0","0","0","0","0","0","0","0","0","0","0","0","0","0","0","0","0","0","0","0","0.0155","0","0","0.4049","0","0","0","0.1882","0","0","0","0","0.034","0","0","0","0","0","0","0","0","0.0054","0.3616","0","0.2364","0","0","0.0087","0.1637","0","0","0.0796","0.2092","0","0","0.0579","4.7689","1.7971"
"05/27/2026 12:00","0.0429","0","0","0","0","0","0","0","0","0","0","0","0","0","0","0","0","0.0214","0.1035","0","0","0","0","0","0.0297","0","0","0.3539","0","0.0272","0","0.1466","0","0","0","0","0.0315","0","0","0.0445","0.0528","0.066","0.1509","0.1012","0.0287","0.1006","0.3043","0.0637","0.22","0.0886","0.0715","0.0722","0.1845","0.1245","0.0598","0.1917","0.3843","0.2626","0.0625","0.0398","7.0688","3.4314"
"05/27/2026 13:00","0.0391","0","0","0","0","0","0","0","0","0","0","0","0","0","0","0","0","0","0","0","0","0","0","0","0","0","0","0.3711","0","0","0","0.0891","0","0","0","0","0","0","0","0","0.0229","0.0369","0.0515","0.0115","0","0","0.2769","0","0.1544","0.046","0","0","0.1257","0.0598","0","0.2092","0.0926","0.0177","0","0","4.3532","1.6044"
"05/28/2026 1:00","0.0817","0","0","0","0","0","0","0","0","0","0","0","0","0","0","0","0.0122","0","0","0","0.0064","0","0","0","0","0","0","0.369","0","0","0","0.1593","0","0","0","0","0","0","0","0","0","0","0","0","0","0","0.2224","0","0.1064","0.0157","0","0","0.1929","0.0989","0","0","0.1216","0.0301","0","0.1002","3.7073","1.5168"
"05/29/2026 3:00","0.1168","0","0","0","0","0","0","0","0","0","0","0","0","0","0","0","0","0","0","0","0","0","0","0","0","0","0","0.4655","0","0","0","0","0","0","0","0","0","0","0","0","0","0","0","0","0","0","0.2622","0","0.1189","0","0","0","0.108","0","0","0.0559","0.129","0","0","0","3.2761","1.2563"
"05/30/2026 1:00","0.0647","0","0","0","0","0","0","0","0","0","0","0","0","0","0","0","0","0","0","0","0","0","0","0","0","0","0","0.3568","0","0.0229","0","0.1099","0","0","0","0","0","0","0","0","0","0","0.046","0","0","0","0.2298","0","0.1631","0.0157","0","0.0183","0.1049","0.0128","0","0","0.1536","0.0439","0","0","3.2638","1.3424"
"05/31/2026 4:00","0.0451","0","0","0","0","0","0","0","0","0","0","0","0","0","0","0","0","0","0","0","0","0","0","0","0","0.0291","0","0","0","0.0163","0","0.1233","0","0","0","0","0","0","0","0","0","0","0","0.0113","0","0","0.2684","0.0517","0.1583","0.0136","0.006","0.0132","0.1006","0.0163","0","0","0.1196","0.0322","0","0.1383","3.1422","1.1433"
"06/01/2026 1:00","0.1061","0","0","0","0","0","0","0","0","0","0","0","0","0","0","0","0","0","0","0.0056","0","0","0","0","0","0","0","0.3974","0","0","0","0.0919","0","0","0","0","0","0","0","0","0","0","0","0","0","0","0.2515","0","0.0719","0","0","0","0.0948","0.0239","0","0","0.1243","0.0348","0","0","2.5651","1.2022"
"06/02/2026 3:00","0.0763","0","0","0","0","0","0","0","0","0","0","0","0","0","0","0","0","0","0","0","0","0","0","0","0","0","0","0.2975","0","0","0.0146","0.0924","0","0","0","0","0","0","0","0","0","0","0","0","0","0","0.1769","0.0181","0.1257","0","0","0","0.1231","0.0243","0","0.0437","0.1231","0","0","0","2.7093","1.1157"
"06/03/2026 1:00","0.1162","0","0","0","0","0","0","0","0","0","0","0","0","0","0","0","0","0","0","0","0","0","0.0158","0","0","0","0","0.4339","0","0","0","0.0264","0","0","0","0","0","0","0","0","0","0","0","0","0","0","0.2364","0","0.0919","0","0","0","0.0812","0.026","0","0","0.1328","0.0377","0","0.0559","2.6178","1.2542"
"06/04/2026 3:00","0.1432","0","0","0","0","0","0","0","0","0","0","0","0","0","0","0","0","0","0","0","0","0","0","0","0","0","0","0.4886","0","0","0","0.0963","0","0","0","0","0","0","0","0","0","0","0","0","0","0","0.1981","0","0.0909","0.0155","0.0247","0","0.1103","0.0682","0","0","0.1072","0","0","0","2.696","1.343"
"06/05/2026 1:00","0.0957","0","0","0","0","0","0","0","0","0","0","0","0","0","0","0","0","0","0","0","0","0","0","0","0","0","0","0","0","0","0","0","0","0","0","0","0.0293","0","0","0","0","0.0295","0","0","0","0","0.1631","0","0.0878","0","0","0","0.0831","0.0132","0","0","0.1453","0","0","0","2.3492","0.647"
"06/06/2026 3:00","0.0931","0","0","0","0","0.0236","0","0","0","0","0.0114","0","0","0","0","0","0","0","0","0","0","0","0","0","0","0","0","0","0","0","0","0.0668","0","0","0","0","0","0","0","0","0","0","0","0","0","0","0.2521","0","0.1268","0.0107","0","0","0.0695","0.0524","0","0.0563","0.1822","0","0","0.0456","2.7206","0.9905"
"06/07/2026 2:00","0.1294","0","0","0","0","0","0","0","0","0","0","0","0","0","0","0","0","0","0","0","0","0","0","0","0","0","0","0.3166","0","0","0","0.0651","0","0","0","0","0","0","0","0","0","0","0","0","0","0","0.1752","0","0.0759","0.007","0","0.0466","0.0674","0.0284","0","0","0.087","0.006","0","0","1.9637","1.0046"
"06/08/2026 3:00","0.0338","0","0","0","0","0","0","0","0","0","0","0","0","0","0","0","0","0","0","0","0","0","0","0","0","0","0","0.2492","0","0","0","0.0468","0","0","0","0","0","0","0","0.0258","0","0","0","0.0066","0","0","0.1457","0","0.046","0","0","0.0064","0.0563","0.0173","0","0","0.0934","0","0","0","1.8758","0.7273"
"06/09/2026 1:00","0.034","0","0","0","0","0","0","0","0","0","0","0","0","0","0","0","0","0","0","0","0","0","0","0","0","0","0","0.329","0","0","0","0.0647","0","0","0","0","0","0","0","0","0","0.0196","0","0","0","0","0.1278","0","0.0472","0","0","0","0.0627","0.0703","0","0.0183","0.0165","0.0289","0","0","1.8738","0.819"
"06/10/2026 3:00","0.0457","0","0","0","0","0","0","0","0","0","0","0","0","0","0","0","0","0","0","0","0","0","0","0","0","0","0","0","0","0","0","0.0418","0","0","0","0","0","0","0","0","0","0","0","0","0","0","0.1701","0","0.0901","0","0","0","0.0802","0.0357","0","0","0.1629","0","0","0.0258","2.2449","0.6523"
"06/11/2026 1:00","0.0399","0","0","0","0","0","0","0","0","0","0","0","0","0","0","0","0","0","0","0.0062","0","0","0","0","0","0","0","0.2492","0","0","0","0","0","0","0","0","0","0","0","0","0","0","0","0","0","0","0.1796","0","0.0474","0","0","0.0107","0.0837","0.0136","0","0","0.0901","0","0","0","1.6571","0.7204"
"06/12/2026 3:00","0.1546","0","0","0","0","0","0","0","0","0","0.0182","0","0","0","0","0","0","0","0","0","0","0","0","0","0","0","0","0.3927","0","0","0","0","0","0","0","0","0","0","0","0","0","0","0","0","0","0","0.1472","0.0144","0.1126","0.0311","0.0056","0","0.075","0.0511","0","0.0462","0.0948","0","0.0111","0","2.0488","1.1546"
"06/13/2026 1:00","0.1322","0","0","0","0","0","0","0","0","0","0","0","0","0","0","0","0","0.0132","0","0","0","0","0","0","0","0","0","0.4912","0","0","0","0.0771","0","0","0","0","0.0507","0","0","0","0","0","0","0","0","0","0.2041","0","0","0.0431","0","0","0","0.0264","0","0.0431","0.1047","0.0664","0","0","2.3764","1.2522"
"06/14/2026 4:00","0.022","0","0","0","0","0","0","0","0","0","0","0","0","0","0","0","0","0","0","0","0","0","0","0","0","0","0","0.3098","0","0","0","0.0779","0","0","0","0","0.0431","0","0","0","0","0","0","0","0.0072","0","0.1899","0","0.0917","0","0","0.0373","0.0445","0.075","0","0.0464","0.0985","0.0254","0","0","2.0259","1.0687"
"06/15/2026 1:00","0.1031","0","0","0","0","0","0","0","0","0","0","0","0","0","0","0","0","0","0","0","0","0","0","0","0","0","0","0.4271","0","0","0","0","0","0","0","0","0.0328","0","0","0","0","0","0","0.0105","0","0","0.2051","0","0","0.0645","0","0.0524","0","0.0303","0","0.0204","0.1022","0.0338","0","0","1.9348","1.0822"
"06/16/2026 3:00","0.1648","0","0","0","0","0","0","0","0","0","0","0","0","0","0","0","0","0","0","0","0","0","0","0","0","0","0","0.4333","0","0","0","0","0","0","0","0","0.0458","0","0","0","0","0.0357","0","0","0.0056","0","0.196","0.0064","0","0","0","0.0237","0.0449","0.039","0","0","0.1272","0","0","0.101","2.4505","1.2234"
"06/17/2026 1:00","0.0531","0","0","0","0","0","0","0","0","0.0198","0","0","0","0","0","0","0","0","0","0","0","0","0","0","0","0","0","0.3762","0","0","0","0.0989","0","0","0","0","0","0","0","0","0","0","0","0","0","0.0194","0.2187","0","0.0478","0","0","0","0.053","0.0082","0","0","0.0705","0.0093","0.0062","0","2.1702","0.9811"
"06/18/2026 3:00","0","0","0","0","0","0","0","0","0","0","0.0128","0","0","0","0","0","0","0","0","0","0","0","0","0","0","0","0","0.3191","0","0","0","0","0","0","0","0","0","0","0","0","0","0","0","0","0","0","0.1954","0","0.0338","0","0","0","0.0519","0","0","0","0.0855","0","0","0","1.7663","0.6985"
"06/19/2026 1:00","0.0907","0","0","0","0","0","0","0","0","0","0","0","0","0","0","0","0","0","0","0","0","0","0","0","0","0","0","0.5828","0","0","0","0.0398","0","0","0","0","0.0157","0","0","0","0","0.0519","0","0.0249","0.0177","0.0161","0.1804","0","0","0.0322","0","0.0445","0","0.0276","0","0.0099","0.1119","0.0169","0","0","2.328","1.263"
"06/20/2026 3:00","0.0493","0","0","0","0","0","0","0","0","0","0","0","0","0","0","0","0","0","0","0","0","0","0","0","0","0","0","0.4465","0","0","0","0.0326","0","0","0","0","0","0","0","0","0","0.0171","0","0.0305","0","0","0.2319","0","0.0785","0","0","0.0198","0.0909","0.0653","0","0.0398","0.1418","0","0","0","2.5616","1.244"
"06/21/2026 2:00","0","0","0","0","0","0","0","0","0","0","0","0","0","0","0","0","0","0","0","0","0","0","0","0","0.0497","0","0","0","0","0","0","0.0538","0","0","0","0","0","0","0","0","0","0.0264","0","0.0128","0.0303","0","0.174","0","0.1047","0.0169","0","0","0.0414","0.0456","0","0","0.1781","0.0346","0","0","1.8932","0.7683"
"06/22/2026 13:00","0.0573","0","0","0","0","0","0","0","0","0","0","0","0","0","0","0","0","0","0","0","0","0","0","0","0","0","0.0303","0.3799","0","0","0","0.0555","0","0","0","0","0","0","0","0","0","0","0","0","0","0.0188","0.2474","0","0.0926","0","0","0.0247","0.0563","0","0","0","0.1354","0","0.0068","0","2.5517","1.105"
"06/23/2026 1:00","0.0969","0","0","0","0","0","0","0","0","0","0","0","0","0","0","0","0","0","0","0","0","0","0","0","0","0","0","0.4242","0","0.0686","0","0.0435","0","0","0","0","0.0291","0","0","0","0","0","0","0","0","0","0.2828","0.02","0.0866","0","0","0","0.06","0.0303","0","0","0.0915","0","0","0","2.1533","1.2335"
"06/24/2026 3:00","0.1027","0","0","0","0","0","0","0","0","0","0","0","0","0","0","0","0","0","0","0","0","0","0","0","0","0","0","0.4356","0","0","0","0.0932","0","0","0","0","0","0","0","0","0.0194","0.0227","0","0","0","0","0.254","0","0.0827","0.0206","0","0","0.0472","0","0","0.0309","0.1169","0","0","0","2.321","1.2259"
"06/25/2026 1:00","0.0397","0","0","0","0","0","0","0","0","0","0","0","0","0","0","0","0","0","0","0","0","0","0","0","0","0","0","0.4459","0","0","0","0","0.0159","0","0","0","0","0","0","0","0","0","0","0","0","0","0.2587","0","0.1025","0","0","0.0089","0.0474","0.019","0","0.0348","0.1765","0.06","0","0","2.0847","1.2093"
"06/26/2026 3:00","0","0","0","0","0","0","0","0","0","0","0","0","0.0356","0.019","0.0104","0","0","0","0","0","0","0","0","0","0","0","0","0.3783","0","0","0","0.066","0","0","0","0","0","0","0","0","0","0","0","0.021","0","0","0.3096","0.0115","0.1196","0.0227","0","0","0.0404","0","0","0.0548","0.133","0.0425","0","0","2.9687","1.2644"
"06/27/2026 1:00","0.0477","0","0","0","0","0","0","0","0","0","0","0","0","0","0","0","0","0","0","0","0","0","0","0","0","0","0","0.4065","0","0","0","0.046","0","0","0","0","0.0136","0","0","0","0","0","0","0","0","0.0097","0.2546","0","0.0672","0","0","0","0.0507","0.015","0","0","0.1439","0","0","0","2.2298","1.0549"
"06/28/2026 4:00","0","0","0","0","0","0","0","0","0","0","0","0","0","0","0","0","0","0","0","0","0","0","0","0","0","0","0","0.2758","0","0","0","0","0","0","0","0","0","0","0","0","0","0","0","0.019","0","0","0.2129","0","0.079","0.0138","0","0","0.0699","0.0159","0","0","0.1321","0","0","0","1.7809","0.8184"
"06/29/2026 1:00","0","0","0","0","0","0","0","0","0","0","0","0.0138","0","0","0","0","0","0","0","0","0","0","0","0","0","0","0","0.2812","0","0","0","0.074","0","0","0","0","0","0","0","0","0","0","0","0","0","0","0.194","0","0.0548","0","0","0.0157","0.0418","0.0342","0","0.0243","0.1293","0","0","0","1.705","0.8631"
"06/30/2026 3:00","0.0973","0","0","0","0","0","0","0","0","0","0","0","0","0","0","0","0","0","0","0","0","0","0","0","0","0","0","0.3892","0","0","0","0","0","0","0","0","0.0429","0","0","0","0","0","0","0.0134","0","0","0.2614","0","0","0","0","0","0.0237","0.0637","0","0.0501","0.1173","0.0565","0","0","2.201","1.1155"
"07/01/2026 1:00","0.1196","0","0","0","0","0","0","0","0","0","0","0","0","0","0","0","0","0","0","0","0","0","0","0","0","0","0","0.5584","0","0","0","0.0606","0","0","0","0","0","0","0","0","0","0","0","0","0","0","0.1622","0","0.0763","0","0","0","0.0511","0.0375","0","0.0085","0.1245","0","0.0153","0.0577","2.144","1.2717"
"07/02/2026 3:00","0.1102","0","0","0","0","0","0","0","0","0","0","0","0","0","0","0","0","0","0","0","0","0","0","0","0","0","0","0","0","0","0","0.0524","0","0","0","0","0","0","0","0","0","0","0","0","0","0","0.2344","0","0.0866","0","0","0","0.0381","0.0105","0","0","0.1517","0","0","0","2.0888","0.6839"
"07/03/2026 1:00","0.1021","0","0","0","0","0","0","0","0","0","0","0","0","0","0","0","0","0","0","0","0","0","0","0","0","0","0","0","0","0","0.0144","0","0","0","0","0","0","0","0","0","0","0","0","0.0377","0","0","0.2521","0","0.0998","0","0.0091","0","0.0569","0","0","0.0251","0.1954","0","0","0","2.2681","0.7926"
"07/04/2026 3:00","0.0815","0","0","0","0","0","0","0","0","0","0","0","0","0","0","0","0.0102","0","0","0","0","0","0","0","0","0","0","0.4092","0.0144","0","0","0","0","0","0","0","0","0","0","0","0","0","0","0","0","0","0.221","0","0.079","0","0.0136","0","0.0326","0","0","0.0365","0.1542","0","0","0","2.0223","1.0522"
"07/05/2026 2:00","0.1406","0","0","0","0","0","0","0","0","0","0","0","0","0","0","0","0","0","0","0","0","0","0","0","0","0","0","0.4028","0","0","0","0","0","0","0","0","0","0","0","0","0","0","0","0","0","0.0153","0.2577","0","0.0695","0","0","0","0.0342","0.0353","0","0","0.1251","0","0","0","2.2454","1.0805"
"07/06/2026 3:00","0.1272","0.0222","0","0","0","0","0","0","0","0","0","0","0","0","0","0","0","0","0","0","0","0","0","0","0","0","0","0.5634","0","0","0","0","0","0","0","0","0","0","0","0","0","0","0","0","0","0","0.2383","0","0.0812","0.0078","0","0","0.0361","0.013","0.0245","0","0.1072","0.0052","0","0","2.2146","1.2261"
"07/07/2026 1:00","0.0477","0","0","0","0","0","0","0","0","0","0","0","0.0106","0","0","0","0","0","0","0","0","0","0","0","0","0","0","0.4832","0","0","0","0","0","0","0","0","0","0","0","0","0","0","0","0","0","0.0183","0.2362","0","0.0816","0","0","0","0.0509","0.0173","0","0.0501","0.1165","0.0085","0","0.0256","2.0201","1.1465"
"07/08/2026 11:00","0","0","0","0","0","0","0","0","0","0","0","0","0","0","0","0","0","0","0","0","0","0","0","0","0","0","0","0.617","0","0","0","0.1128","0","0","0","0","0.1884","0","0","0","0","0.0489","0.0666","0.0177","0","0","0.3088","0","0.1818","0.0093","0","0.0598","0.0585","0.1097","0","0.039","0.2364","0","0.027","0.1363","3.9528","2.218"
"07/08/2026 12:00","0","0","0","0","0","0.0192","0","0","0","0","0","0","0","0","0.0192","0","0","0","0","0","0","0","0","0","0","0","0","0.624","0","0","0","0.0915","0","0","0","0","0.1901","0","0","0","0","0.0287","0.0769","0.0361","0","0","0.2964","0","0.1305","0","0.0132","0","0.0532","0.0447","0","0.0332","0.18","0","0.0371","0.1154","3.5423","1.9894"
"07/08/2026 13:00","0","0","0","0","0","0","0","0","0","0","0","0","0","0","0","0","0","0","0","0","0.008","0","0","0","0","0","0","0.5582","0","0","0","0.0989","0","0","0","0","0.1441","0","0","0","0","0.0604","0.0612","0.0429","0","0","0.2719","0","0.1233","0.0161","0","0","0.0497","0.0293","0","0.0806","0.1453","0","0.0398","0.1187","3.6345","1.8484"
"07/08/2026 14:00","0","0","0","0","0","0","0","0","0","0","0","0","0","0","0","0","0","0","0","0","0","0","0","0","0","0","0","0.5174","0","0","0","0.0891","0","0","0","0","0.1664","0","0","0.0258","0","0.0186","0.0874","0.0503","0","0","0.2249","0","0.1171","0","0.0169","0.0691","0.039","0.0748","0","0.0365","0.1569","0.0109","0.0357","0.0946","3.3675","1.8314"
"07/08/2026 15:00","0","0","0","0","0","0","0","0","0","0","0","0","0","0","0","0","0","0","0","0","0","0","0","0","0","0","0","0.5042","0","0.0579","0","0.0216","0","0","0","0","0.1383","0","0","0","0","0.0996","0.1194","0.0563","0","0","0.2323","0","0.0989","0","0.0124","0.054","0.0583","0.0357","0","0.0437","0.1429","0","0.032","0.0969","3.3989","1.8044"
"07/09/2026 1:00","0","0","0","0","0","0","0","0","0","0","0","0","0","0","0","0.016","0","0","0","0","0","0","0","0","0","0","0","0.3779","0","0","0","0.0561","0","0","0","0","0.1303","0","0","0","0","0.0194","0.0555","0.0548","0","0","0.2795","0","0.1004","0","0","0.0433","0.0342","0.0505","0","0.0365","0.1408","0.0258","0.0169","0.0775","3.0101","1.5154"
"07/10/2026 3:00","0","0","0","0","0","0","0","0","0","0","0","0","0","0","0","0","0","0","0","0","0","0","0","0","0","0","0","0","0","0","0","0.0831","0","0","0","0","0.094","0","0","0","0","0.034","0.0326","0","0","0","0.2527","0.0181","0.1002","0","0","0","0.0396","0.0689","0.0484","0","0.1707","0","0.0062","0.0635","2.7352","1.012"
"07/11/2026 1:00","0","0","0","0","0","0","0","0","0","0","0","0","0","0","0","0","0","0","0","0","0","0","0","0","0","0","0","0.5881","0","0","0","0","0","0","0","0","0.1323","0","0","0","0","0.0682","0.121","0.0365","0","0","0.3412","0.028","0.1095","0.026","0.0289","0.0159","0.0396","0.0231","0","0.0359","0.1645","0.0633","0","0.1775","3.4006","1.9995"
"07/12/2026 4:00","0","0","0","0","0","0","0","0","0","0.0154","0.0084","0","0","0","0","0","0","0","0.0357","0","0","0","0","0","0","0","0","0.4189","0","0","0","0","0","0","0","0","0.0917","0","0","0","0","0","0.0421","0","0","0","0.2257","0","0.0884","0.0107","0","0.027","0.034","0.0412","0","0.0342","0.1468","0.0709","0","0.0256","2.5689","1.3167"
"07/13/2026 1:00","0","0","0","0","0","0","0.0266","0","0","0","0","0","0","0","0","0","0.0216","0","0","0","0","0","0","0","0","0","0","0.4529","0","0","0","0.0519","0","0","0","0","0.1027","0","0","0","0","0.062","0","0","0","0","0.254","0","0.0618","0","0","0.0301","0.0216","0.0375","0","0.0392","0.1016","0.0454","0","0.0359","2.6892","1.3448"
